length,b1,nbar,colless,sackin,treeness,simulated
1.0426337586920604,44.165742998831256,11.735632183908047,0.18030095759233927,11.735632183908047,0.29382258918512594,0
0.2750691912334602,38.15535933215467,13.25287356321839,0.2240766073871409,13.25287356321839,0.31018856534678685,0
0.19103471851742804,39.38945024124558,14.71264367816092,0.26210670314637485,14.71264367816092,0.23146478308597104,0
0.2748995866836409,41.97512060952465,12.850574712643676,0.2106703146374829,12.850574712643676,0.26393695995462463,0
0.19322680921209975,41.31834960275365,13.758620689655173,0.2322845417236662,13.758620689655173,0.19978615160179636,0
0.18065907203971804,41.60885076825481,12.839080459770114,0.21203830369357046,12.839080459770114,0.3111032085435909,0
0.19236658112705626,39.69319420259824,13.494252873563216,0.22489740082079346,13.494252873563216,0.2291568413028053,0
0.3267824020352099,39.624326958731,12.011494252873565,0.1950752393980848,12.011494252873565,0.2719176175999029,0
0.3677923579875591,38.47273965714369,12.64367816091954,0.212311901504788,12.64367816091954,0.27612760285490845,0
0.33544136415790826,38.93756839565665,12.79310344827586,0.21039671682626535,12.79310344827586,0.2846241067906327,0
0.29064190130653494,39.84214865394401,16.50574712643678,0.3025991792065663,16.50574712643678,0.291384218653402,0
0.3325262432475909,41.01048198727732,13.137931034482758,0.22024623803009571,13.137931034482758,0.3342396778199948,0
0.4950020431806382,43.78107299047703,12.64367816091954,0.20902872777017786,12.64367816091954,0.2858909573318309,0
0.3862957053931235,40.052148653943995,14.229885057471266,0.25006839945280435,14.229885057471266,0.25080444047997563,0
0.2314248562693799,45.229882514286565,13.10344827586207,0.2188782489740082,13.10344827586207,0.2462705994101499,0
0.3949991655160001,36.506841666245705,11.850574712643676,0.19124487004103968,11.850574712643676,0.2599454120050816,0
0.3621945787328617,39.871177607110866,16.2183908045977,0.3045143638850889,16.2183908045977,0.28511336370582085,0
0.1266744009744211,41.82670791111195,13.655172413793107,0.2238030095759234,13.655172413793107,0.2366219898374303,0
1.132564790681884,40.290993625397675,13.390804597701152,0.22188782489740086,13.390804597701152,0.27943544506893025,0
0.2647226583565745,37.657630394425716,13.344827586206893,0.22517099863201093,13.344827586206893,0.2156838922790602,0
0.769335882159155,39.1116724634678,13.540229885057473,0.2325581395348837,13.540229885057473,0.26915899612423105,0
0.7675358570319164,43.60942986751813,10.908045977011492,0.14856361149110808,10.908045977011492,0.2914684871411369,0
1.4108356088994791,39.17679681429682,10.42528735632184,0.14309165526675788,10.42528735632184,0.26586130057292834,0
0.18334056522397404,40.23061019240553,14.448275862068966,0.2569083447332421,14.448275862068966,0.2618696479505125,0
0.28073467721637224,44.72512060952466,13.229885057471266,0.21203830369357046,13.229885057471266,0.3075999473303113,0
0.2605614747187152,39.282624844420184,14.298850574712644,0.2495212038303693,14.298850574712644,0.2614382344063858,0
0.34838305382439755,40.31263864704269,14.333333333333336,0.2459644322845417,14.333333333333336,0.2346407911125195,0
0.3061556469139368,38.008815320610644,14.505747126436784,0.2555403556771546,14.505747126436784,0.24087588558709006,0
0.2436068827573501,39.68111690791226,16.264367816091955,0.29794801641586866,16.264367816091955,0.2512966750325856,0
0.2779485611762521,37.80341643650469,11.850574712643676,0.17537619699042406,11.850574712643676,0.2918947423123049,0
0.2862056017173351,39.35250218929753,13.32183908045977,0.22735978112175104,13.32183908045977,0.2438342746968538,0
0.4915057077387673,36.17094700535104,12.977011494252874,0.21258549931600546,12.977011494252874,0.3011404056820472,0
0.44163094685985815,39.355279339683385,12.402298850574713,0.2021887824897401,12.402298850574713,0.30369000935227863,0
0.4575305031772399,43.612025371429425,12.781609195402298,0.21176470588235294,12.781609195402298,0.2475510547504175,0
0.2495715633085401,38.490993625397664,12.804597701149426,0.21121751025991792,12.804597701149426,0.25380539963795035,0
0.3322605289139619,38.61797775238178,11.448275862068966,0.17400820793433652,11.448275862068966,0.2700319646967213,0
0.2954730238888664,35.023839185634515,14.586206896551724,0.2612859097127223,14.586206896551724,0.3059243352716259,0
0.4025821325740233,39.065134001929344,15.390804597701152,0.279890560875513,15.390804597701152,0.2732652328840306,0
0.4210461218269112,40.786320623820636,12.390804597701152,0.1893296853625171,12.390804597701152,0.2670498265271831,0
0.5012064891677689,37.58786293965827,12.89655172413793,0.213406292749658,12.89655172413793,0.2760677790718934,0
0.5261871192361381,39.368815320610665,14.35632183908046,0.25362517099863197,14.35632183908046,0.296854182394095,0
0.20604384047234803,40.08623172063576,13.011494252873565,0.212311901504788,13.011494252873565,0.2274349247343359,0
0.25418919767000525,36.444204303608345,13.655172413793107,0.23091655266757866,13.655172413793107,0.2518976972697714,0
0.2420174281348788,40.54193347502172,12.540229885057473,0.19781121751025996,12.540229885057473,0.2436053272122359,0
0.4658112825244864,38.81050437229972,14.93103448275862,0.2673050615595075,14.93103448275862,0.24423309353899295,0
0.20849330948923894,41.580822363910606,12.172413793103447,0.1890560875512996,12.172413793103447,0.2662128976157852,0
0.4362607211266467,42.65726346666751,12.275862068965518,0.19370725034199726,12.275862068965518,0.2846168359921413,0
0.39979554413856105,40.46445024124559,14.459770114942527,0.2506155950752394,14.459770114942527,0.3046908468442201,0
0.4385486223302687,41.0009805627759,13.954022988505747,0.24459644322845414,13.954022988505747,0.32563061505822555,0
0.4247897102572994,41.787502189297534,14.448275862068966,0.253077975376197,14.448275862068966,0.2670483961370404,0
0.3721050600446899,40.23226346666751,13.25287356321839,0.2207934336525308,13.25287356321839,0.2465709479511965,0
0.24358644577020416,40.05051743492147,14.0,0.2385772913816689,14.0,0.2376387506352156,0
0.3559446612755549,41.43763864704268,13.32183908045977,0.22681258549931602,13.32183908045977,0.25247473983882657,0
0.2486852356556433,37.520835522630854,13.79310344827586,0.239124487004104,13.79310344827586,0.2700671019817697,0
0.3876618583581411,39.579168855964205,13.64367816091954,0.2339261285909713,13.64367816091954,0.2829632096406096,0
0.29319566160671523,40.01047414487818,10.367816091954024,0.14719562243502052,10.367816091954024,0.26150987627358513,0
0.27312704003142113,39.939009498413526,13.034482758620689,0.21723666210670314,13.034482758620689,0.27580597446176663,0
0.28273477644330985,36.722483290674624,15.79310344827586,0.2922024623803009,15.79310344827586,0.29902877199756844,0
0.34518352229979604,42.87988251428657,12.528735632183906,0.20136798905608755,12.528735632183906,0.30221315934557164,0
0.4447635661813039,40.243339130134466,16.367816091954026,0.30150478796169633,16.367816091954026,0.2771377823939333,0
0.22620190925869946,40.869565053969104,14.25287356321839,0.2352941176470588,14.25287356321839,0.2729644780648342,0
0.4079602340855467,38.777287010375254,11.965517241379311,0.1841313269493844,11.965517241379311,0.2798619403136848,0
0.15663001450024694,36.82962614781748,16.390804597701152,0.3080711354309166,16.390804597701152,0.2355602986420642,0
0.43500030172926,39.19617760711089,17.24137931034483,0.32229822161422705,17.24137931034483,0.21176335962503956,0
0.2605717317183984,41.186448170852216,14.06896551724138,0.2456908344733242,14.06896551724138,0.2638854208646646,0
0.2705552286438081,44.307479916883956,13.218390804597702,0.2238030095759234,13.218390804597702,0.28776952826667856,0
0.27014573126867064,38.49965781145313,14.379310344827585,0.2558139534883721,14.379310344827585,0.2529373432214892,0
0.2608878304715142,36.566054951988214,16.49425287356322,0.3094391244870041,16.49425287356322,0.23901652332589204,0
0.3436167128700948,36.43111690791225,13.586206896551724,0.2314637482900137,13.586206896551724,0.2324798985761653,0
0.21587748897703404,37.102502189297525,14.977011494252874,0.2694938440492476,14.977011494252874,0.24006189175365225,0
0.36076032743581693,40.270755530159576,12.942528735632186,0.20957592339261288,12.942528735632186,0.2771271645787517,0
0.378048878485696,41.004510940444206,17.298850574712645,0.3280437756497948,17.298850574712645,0.26807323566365115,0
0.1382592257239529,37.923971460766786,17.482758620689655,0.3302325581395349,17.482758620689655,0.18550546454157946,0
0.3919107709900248,39.042375576779605,11.413793103448276,0.16935704514363886,11.413793103448276,0.2834946748670175,0
0.42173071193200395,39.802148653943995,13.57471264367816,0.2350205198358413,13.57471264367816,0.2699172010253104,0
0.21014748327645888,38.502140811544855,11.448275862068966,0.1761969904240766,11.448275862068966,0.3181687873807197,0
0.3023919515509722,39.076672463467816,15.827586206896553,0.2880984952120383,15.827586206896553,0.26771475381093296,0
0.2904597530207322,42.6695650539691,11.839080459770114,0.18276333789329685,11.839080459770114,0.26458279500182835,0
0.3154953918783281,42.46761700202104,12.609195402298848,0.2098495212038304,12.609195402298848,0.2938742343298511,0
0.6643362141258671,42.28667246346781,13.79310344827586,0.23310533515731874,13.79310344827586,0.30450426131149605,0
0.9279441875525172,35.17514586107912,15.862068965517242,0.2878248974008208,15.862068965517242,0.32778652277769843,0
0.94600358070215,37.838282150077504,15.310344827586205,0.2763337893296853,15.310344827586205,0.3480960992435506,0
0.38229062715399975,39.30311483751889,11.988505747126435,0.18850889192886452,11.988505747126435,0.29976896473037257,0
0.4033419336356662,43.457263466667506,12.540229885057473,0.2021887824897401,12.540229885057473,0.2596802263916659,0
0.4962199130501397,39.05430531370935,13.586206896551724,0.2325581395348837,13.586206896551724,0.24881192277472275,0
0.6199384120492889,35.968194202598234,11.850574712643676,0.19069767441860466,11.850574712643676,0.25468429044384483,0
0.2656814286520393,39.873974050769384,13.586206896551724,0.23365253077975376,13.586206896551724,0.2759719324101626,0
0.17173936300396309,41.07992643172177,13.827586206896553,0.2399452804377565,13.827586206896553,0.27739303401837884,0
0.17866319315087142,40.17227685907219,14.28735632183908,0.25143638850889194,14.28735632183908,0.24412528108051615,0
0.216071245787804,36.34180621860156,15.367816091954026,0.27879616963064296,15.367816091954026,0.2427579632006391,0
0.13112544945554092,36.31224182164585,12.402298850574713,0.19835841313269487,12.402298850574713,0.2260962636190086,0
0.3857893207926764,42.55026680835506,10.977011494252872,0.1649794801641587,10.977011494252872,0.2517789813164469,0
0.2364925214864557,41.76881532061068,14.988505747126435,0.2692202462380301,14.988505747126435,0.2566476958574864,0
0.2264994006782803,39.62227685907219,16.977011494252874,0.3203830369357045,16.977011494252874,0.2682805789135449,0
0.3248325769868041,40.31048198727732,15.689655172413795,0.2826265389876881,15.689655172413795,0.2497735754276887,0
0.2811148859984456,37.03897405076938,15.06896551724138,0.2722298221614227,15.06896551724138,0.3291513309460195,0
0.4104885057381048,42.26485597735599,10.758620689655173,0.15923392612859094,10.758620689655173,0.28358453812264445,0
0.2740254207656305,40.485474144878204,11.804597701149426,0.17975376196990422,11.804597701149426,0.2287155974096283,0
0.479965248991637,39.94297775238178,13.011494252873565,0.2084815321477428,13.011494252873565,0.2264096536443006,0
0.2800789877716702,39.943374577778634,13.873563218390805,0.2372093023255814,13.873563218390805,0.2444791676529334,0
0.6669973980036502,42.88929681429683,9.816091954022989,0.12640218878248974,9.816091954022989,0.24293802113059115,0
0.715742347063637,40.708670393074435,12.57471264367816,0.20465116279069767,12.57471264367816,0.2913646512551541,0
0.3278229640328019,40.08637791946618,11.471264367816094,0.17181942544459644,11.471264367816094,0.2644067564628785,0
0.2494840854462399,44.17512060952466,11.804597701149426,0.1813953488372093,11.804597701149426,0.2909549683941734,0
0.19719680745762416,40.757842565930815,12.333333333333336,0.19233926128590967,12.333333333333336,0.2425897358312351,0
0.2511373223312156,41.29333913013448,15.28735632183908,0.2774281805745554,15.28735632183908,0.2448346085994137,0
0.3274380461453722,39.95250218929753,14.908045977011492,0.2667578659370725,14.908045977011492,0.29751729248667497,0
0.30757815089331203,42.92988251428656,13.137931034482758,0.2180574555403557,13.137931034482758,0.20766737913171096,0
0.225911267620712,41.893815320610656,13.448275862068966,0.22982216142270864,13.448275862068966,0.2843746642974174,0
0.3460895663962117,40.43360014168839,11.022988505747128,0.16224350205198354,11.022988505747128,0.2717521639986064,0
0.8619271318826748,41.815968650372696,12.448275862068966,0.19945280437756496,12.448275862068966,0.2624188841132549,0
0.7783979060540002,42.24624125874127,11.126436781609195,0.16142270861833105,11.126436781609195,0.2642759925239793,0
0.7121662102635518,41.26881532061067,14.505747126436784,0.2566347469220246,14.505747126436784,0.2554083982179605,0
0.9029216221023328,37.26564071743607,13.471264367816094,0.2292749658002736,13.471264367816094,0.2893030111801663,0
0.2679369841040357,37.01300129608955,10.402298850574713,0.14911080711354308,10.402298850574713,0.24359723982521644,0
0.3284010426363622,41.66996187936592,11.839080459770114,0.1838577291381669,11.839080459770114,0.2678345354872055,0
0.5162517443657739,36.587502189297524,14.839080459770114,0.2667578659370725,14.839080459770114,0.23740580438950956,0
0.6774152319273277,39.225120609524645,13.20689655172414,0.22134062927496576,13.20689655172414,0.2847364542967709,0
1.1325831182718964,41.33338797018331,16.885057471264368,0.31272229822161424,16.885057471264368,0.3367073081121263,0
0.3720977528735541,41.49654918095322,14.091954022988508,0.24459644322845414,14.091954022988508,0.3019956392653898,0
0.2626305045433574,39.9282597650551,13.965517241379311,0.2459644322845417,13.965517241379311,0.2509771972191073,0
0.5232074064585921,42.13548198727732,12.183908045977011,0.19699042407660736,12.183908045977011,0.2947846258318984,0
0.4731231073220224,38.32117760711088,15.563218390804598,0.28837209302325584,15.563218390804598,0.23335099761327616,0
0.31392721711607025,41.273930133334176,12.218390804597702,0.1950752393980848,12.218390804597702,0.2490915306363129,0
0.7667621362771521,40.45168293608698,14.620689655172415,0.25116279069767444,14.620689655172415,0.28545760775305784,0
0.4103630444667962,39.243339130134466,13.528735632183906,0.23337893296853626,13.528735632183906,0.2641212383560062,0
0.3384084351094629,42.3509670884671,10.57471264367816,0.15266757865937072,10.57471264367816,0.3100817943976146,0
0.20959457547845167,39.74965781145315,15.67816091954023,0.2845417236662107,15.67816091954023,0.3227556328080725,0
0.28038832313259826,40.78644817085221,14.229885057471266,0.24459644322845414,14.229885057471266,0.2651589681155961,0
0.2428616602352005,43.05289838730243,10.436781609195403,0.14500683994528046,10.436781609195403,0.26296156977882523,0
0.4392557007261201,40.995005796801145,16.080459770114945,0.2902872777017784,16.080459770114945,0.24825491385938336,0
0.09538425054478604,38.440622051555316,18.804597701149426,0.3627906976744186,18.804597701149426,0.2858087223610442,0
0.20378564867392826,38.224790086585415,14.666666666666664,0.26703146374829,14.666666666666664,0.26725576783645155,0
0.4232606970587404,37.03061019240554,12.908045977011492,0.21751025991792067,12.908045977011492,0.22721338991674514,0
0.3946138482426728,40.78226346666751,13.149425287356324,0.21668946648426807,13.149425287356324,0.2484857754738073,0
0.2998703220122962,38.539450241245596,14.505747126436784,0.2495212038303693,14.505747126436784,0.22121593493371425,0
0.2523303277469736,39.16996187936592,12.586206896551724,0.2021887824897401,12.586206896551724,0.3028587926226263,0
0.2956040290458835,41.292003726407756,12.367816091954026,0.2002735978112175,12.367816091954026,0.2796719110093137,0
0.3618624803762902,40.4618810712851,11.471264367816094,0.17564979480164158,11.471264367816094,0.2395165885815635,0
0.14599106424526212,41.5445650539691,12.908045977011492,0.2114911080711354,12.908045977011492,0.2315219749006997,0
0.254018826717312,39.68338797018331,13.862068965517242,0.2352941176470588,13.862068965517242,0.2254972060322576,0
0.25695074267689577,39.427357261761315,12.839080459770114,0.20437756497948015,12.839080459770114,0.2839803597307333,0
0.17896498312371978,38.57021440461844,11.701149425287356,0.1838577291381669,11.701149425287356,0.20656745150504371,0
0.3048764138713064,39.26486447579776,18.241379310344826,0.3488372093023256,18.241379310344826,0.27537167907398913,0
0.7128456065805387,40.360690595094646,14.609195402298848,0.25745554035567714,14.609195402298848,0.2448464805517694,0
0.268241200187183,40.687422196826226,12.517241379310345,0.20547195622435024,12.517241379310345,0.22949329082667666,0
0.7174024626112604,41.609860869264935,12.816091954022989,0.20930232558139533,12.816091954022989,0.2701286807251814,0
0.6963354990472239,39.23111690791225,13.0,0.2158686730506156,13.0,0.2882685648838347,0
0.8712620131163048,40.3616724634678,14.183908045977011,0.2456908344733242,14.183908045977011,0.27445549776774736,0
0.5681456468334201,40.47645728454553,11.022988505747128,0.15512995896032833,11.022988505747128,0.26328162183643994,0
0.3714705116977281,36.77010233829368,16.011494252873565,0.30013679890560874,16.011494252873565,0.2654909348605804,0
0.4617347012788649,37.12871098050631,13.93103448275862,0.23584131326949384,13.93103448275862,0.31423967661804514,0
0.28514686416928803,37.052148653943995,13.954022988505747,0.2385772913816689,13.954022988505747,0.2553868281156025,0
0.4810089135185764,42.396298554386824,12.586206896551724,0.20547195622435024,12.586206896551724,0.2802297412934789,0
0.2482038748894318,42.967003726407775,13.666666666666664,0.2344733242134063,13.666666666666664,0.2912788854322689,0
0.6925127238621829,38.64492643172176,13.965517241379311,0.2372093023255814,13.965517241379311,0.2827794696184021,0
0.7781679121578201,38.26498870193003,18.41379310344828,0.3573187414500684,18.41379310344828,0.2658995285414901,0
0.8490959310870245,38.75329521269924,12.689655172413795,0.2084815321477428,12.689655172413795,0.2769754444949855,0
0.351760077925778,39.99337457777862,12.195402298850574,0.19726402188782488,12.195402298850574,0.2636502355811386,0
0.14768596715763233,41.52735726176131,13.229885057471266,0.22243502051983585,13.229885057471266,0.2635012822542016,0
0.3913806682723098,41.80942986751811,11.011494252873565,0.16361149110807113,11.011494252873565,0.2921359122203973,0
0.17583699379485038,43.11123172063578,12.79310344827586,0.21258549931600546,12.79310344827586,0.28494451704560725,0
0.2910246550463365,41.85607299047703,12.482758620689655,0.1975376196990424,12.482758620689655,0.23531248100425906,0
0.5615712548404965,37.025699708787954,11.977011494252874,0.18276333789329685,11.977011494252874,0.2372634608872285,0
0.7966525337431297,45.3650543900544,9.75862068965517,0.1299589603283174,9.75862068965517,0.3030654861646855,0
0.3089265375648373,38.170425007220345,14.919540229885056,0.26812585499316005,14.919540229885056,0.258259227032631,0
0.37658638155593105,38.34897405076939,12.413793103448276,0.20465116279069767,12.413793103448276,0.2614515411504139,0
0.3261324605477559,33.742154203949525,17.264367816091955,0.3239398084815321,17.264367816091955,0.29941495825307185,0
0.4146766603438046,37.3588507682548,14.689655172413795,0.2549931600547196,14.689655172413795,0.2309253614410605,0
0.3353218367264498,40.835481987277326,12.977011494252874,0.2191518467852257,12.977011494252874,0.2625155697936582,0
0.8113281439553249,42.82670791111195,12.390804597701152,0.19863201094391245,12.390804597701152,0.2502210625190373,0
0.13026206612238989,40.21159309838843,15.229885057471266,0.2749658002735978,15.229885057471266,0.25411653198904965,0
0.6271136468647702,42.66429681429684,11.229885057471263,0.1595075239398085,11.229885057471263,0.24267970538767195,0
1.1361856297035557,39.56278357457892,17.59770114942529,0.3253077975376197,17.59770114942529,0.2918547286522261,0
0.7114345251736915,38.31371505051039,16.436781609195403,0.3086183310533516,16.436781609195403,0.25850372557684914,0
0.2488993294631999,41.052148653944,14.655172413793107,0.25745554035567714,14.655172413793107,0.2703719354886637,0
0.06390144124976402,43.733971992060255,12.620689655172415,0.19863201094391245,12.620689655172415,0.2614147391712185,0
0.1280210497264251,43.00441971621507,18.160919540229887,0.3436388508891929,18.160919540229887,0.2716773711047453,0
0.3708324298936438,37.85957844637379,12.758620689655173,0.20410396716826265,12.758620689655173,0.2416160437564464,0
0.3918295087394138,41.04099362539766,12.505747126436784,0.20191518467852254,12.505747126436784,0.3149670358298157,0
0.5989381890499413,41.326672463467816,15.586206896551724,0.2818057455540356,15.586206896551724,0.2445108830389023,0
0.2855073880635199,39.56513400192932,16.413793103448278,0.3036935704514364,16.413793103448278,0.2062373757627241,0
0.3950388545115477,37.262783574578926,15.965517241379311,0.28645690834473325,15.965517241379311,0.29775154163960754,0
0.2509494312516468,38.91023271963676,12.954022988505747,0.2158686730506156,12.954022988505747,0.2560805204760359,0
0.2728911675345839,40.47714865394399,15.264367816091953,0.2692202462380301,15.264367816091953,0.24643882802884096,0
0.21815160067986256,38.88742219682622,12.67816091954023,0.20547195622435024,12.67816091954023,0.2354041081178938,0
0.2413969780364338,39.0747598591639,13.988505747126435,0.24377564979480165,13.988505747126435,0.29735225113972336,0
0.33881996354210475,42.82595817775353,15.06896551724138,0.2722298221614227,15.06896551724138,0.2422565872173137,0
0.4325038940684034,39.142647229442574,14.494252873563216,0.2596443228454172,14.494252873563216,0.2400749925961987,0
0.235403605350468,37.89319420259823,13.42528735632184,0.22982216142270864,13.42528735632184,0.2845124306234286,0
0.4619030130533202,37.75549578989985,14.275862068965518,0.24459644322845414,14.275862068965518,0.21299592028345388,0
0.37804405736932783,39.04145675325209,14.839080459770114,0.2689466484268126,14.839080459770114,0.29665471543589195,0
0.3938516298578617,42.31440632381037,13.517241379310345,0.22982216142270864,13.517241379310345,0.2811063566842211,0
0.3877329348089799,37.39597198037601,14.988505747126435,0.26593707250342,14.988505747126435,0.2260985776508703,0
0.5072892783606006,35.478435671627004,16.24137931034483,0.3056087551299589,16.24137931034483,0.2561282568902632,0
0.8906482722336634,40.47159309838844,14.32183908045977,0.25006839945280435,14.32183908045977,0.30903104649296714,0
0.33722477073394663,40.902140811544854,12.71264367816092,0.20355677154582766,12.71264367816092,0.2460904507672697,0
0.917899590357348,44.559697247197256,11.494252873563216,0.16634746922024626,11.494252873563216,0.2404184869478969,0
0.5008133032532932,37.187844273777536,16.126436781609193,0.3017783857729138,16.126436781609193,0.2442996402979032,0
0.3546856043766717,43.49319420259824,13.241379310344827,0.2243502051983584,13.241379310344827,0.2597570457759932,0
0.5414559796703478,41.52414658355064,15.011494252873565,0.26320109439124484,15.011494252873565,0.2617559135428045,0
0.7801610226636222,40.57992643172177,14.965517241379311,0.2692202462380301,14.965517241379311,0.2809488553937,0
1.2654540962519998,38.63977817418221,12.563218390804598,0.20711354309165525,12.563218390804598,0.2895476344482859,0
0.8347684375238398,36.35175182854717,13.034482758620689,0.21778385772913816,13.034482758620689,0.3170448603681206,0
0.3843086914706541,36.133850768254796,12.25287356321839,0.19808481532147745,12.25287356321839,0.2641031727296344,0
0.24095916804753376,39.62714865394399,14.942528735632186,0.26703146374829,14.942528735632186,0.2730814780194685,0
0.4113953636766702,34.88180621860154,13.988505747126435,0.2448700410396717,13.988505747126435,0.27363209513183395,0
0.3378749320616808,39.35214865394399,15.264367816091953,0.27414500683994525,15.264367816091953,0.2515795799075692,0
0.5269502901232608,42.817617002021045,12.563218390804598,0.2,12.563218390804598,0.3093668819928122,0
0.5864561774776896,39.28240392559525,15.597701149425287,0.2880984952120383,15.597701149425287,0.2619007722783737,0
0.8459587643169996,43.99074299883125,10.71264367816092,0.15868673050615595,10.71264367816092,0.28749221456173113,0
0.10444429614417082,42.61761700202106,11.850574712643676,0.18030095759233927,11.850574712643676,0.2229522419970713,0
0.4420350529417049,39.94893013333417,12.367816091954026,0.20136798905608755,12.367816091954026,0.26960616792182024,0
0.4664690834676276,38.1449871309204,17.632183908045977,0.33761969904240763,17.632183908045977,0.29721073935574843,0
0.21528528004344294,41.33186664127071,11.770114942528734,0.1816689466484268,11.770114942528734,0.2579626106580223,0
0.24663032670194954,42.79535870476275,13.988505747126435,0.24213406292749656,13.988505747126435,0.28131240930940005,0
0.513966309737468,40.76048198727735,14.781609195402298,0.26210670314637485,14.781609195402298,0.2634298342164857,0
0.5262893380224009,39.5949871309204,15.298850574712644,0.2782489740082079,15.298850574712644,0.2666358934712586,0
0.29953582802696377,40.544565053969094,11.689655172413795,0.18084815321477427,11.689655172413795,0.25959641847451465,0
0.20008334722114998,37.920028181823525,15.89655172413793,0.29247606019151845,15.89655172413793,0.26955681329484904,0
0.5805120824513319,40.44319420259824,14.0,0.24076607387140905,14.0,0.2924353318215944,0
0.36454619699875257,37.170425007220345,13.126436781609195,0.22051983584131327,13.126436781609195,0.31516654881753203,0
0.2632328473774278,42.169711252799495,11.89655172413793,0.18686730506155952,11.89655172413793,0.2861017737624408,0
0.385025347817037,42.227148653944,14.482758620689655,0.2533515731874145,14.482758620689655,0.2636738501607108,0
0.2819443050762114,43.00726346666753,13.137931034482758,0.21532147742818056,13.137931034482758,0.27123674102155954,0
0.3387144756861069,38.712638647042674,14.517241379310345,0.25362517099863197,14.517241379310345,0.26509974291669763,0
0.5293970934931997,41.052898387302406,13.379310344827585,0.2238030095759234,13.379310344827585,0.2901147253056704,0
0.5185451946912721,39.13511339451743,12.42528735632184,0.19781121751025996,12.42528735632184,0.2709031973986674,0
0.3505924954770711,40.99500579680113,12.20689655172414,0.2030095759233926,12.20689655172414,0.3066499216665925,0
0.2193168313579963,39.51165379758706,15.666666666666664,0.2886456908344733,15.666666666666664,0.2353283491829195,0
0.18449816888207995,42.30012060952465,12.022988505747126,0.19097127222982216,12.022988505747126,0.2731853795319456,0
0.2993248979388652,35.86681252774579,16.49425287356322,0.3028727770177839,16.49425287356322,0.1916693558726201,0
0.1587687177583779,42.34659309838843,13.091954022988508,0.2109439124487004,13.091954022988508,0.2612053247486508,0
0.3437450513847391,42.207263466667506,13.471264367816094,0.2259917920656635,13.471264367816094,0.2581822953849486,0
0.4862959600910815,37.257228019023344,13.275862068965518,0.22188782489740086,13.275862068965518,0.292940459419746,0
0.4034888721366369,38.58739722180127,12.448275862068966,0.19179206566347468,12.448275862068966,0.2440348166911772,0
0.5339994415229403,38.9866724634678,12.908045977011492,0.21422708618331052,12.908045977011492,0.297690796641056,0
0.7959884066355563,39.95143230952057,12.172413793103447,0.1939808481532148,12.172413793103447,0.26214194961216314,0
0.15378228993565782,42.100120609524645,11.114942528735632,0.1633378932968536,11.114942528735632,0.2506005321641991,0
0.27965497203232004,41.68548198727733,15.264367816091953,0.27359781121751026,15.264367816091953,0.2685200617195728,0
0.2639751314749742,38.55289838730242,14.10344827586207,0.2410396716826265,14.10344827586207,0.2385752609059333,0
0.5746908048257077,38.154419716215045,14.32183908045977,0.2549931600547196,14.32183908045977,0.2431462761865391,0
0.29511568016960177,41.41559680000083,12.229885057471266,0.1926128590971272,12.229885057471266,0.2669730037529584,0
0.16578809485198176,40.42154918095323,12.79310344827586,0.21477428180574554,12.79310344827586,0.26922412373608634,0
0.2801869514779722,40.98637791946617,11.183908045977011,0.17373461012311905,11.183908045977011,0.29858862427006794,0
0.6029274954087479,44.73513014763018,10.528735632183908,0.14829001367989056,10.528735632183908,0.2756760666127953,0
0.6928559330982881,40.046593098388435,15.034482758620689,0.26484268125854993,15.034482758620689,0.32120101278315205,0
0.5518819993571321,37.12823479003012,16.149425287356323,0.2952120383036936,16.149425287356323,0.2960193018158906,0
0.243137166530896,36.14062205155531,16.264367816091955,0.2990424076607387,16.264367816091955,0.2286645191148561,0
0.29176639402895393,43.21429681429683,9.67816091954023,0.11819425444596444,9.67816091954023,0.2361994800264833,0
0.2485644751770281,40.228339130134465,14.804597701149426,0.2642954856361149,14.804597701149426,0.2951902913165368,0
0.31645344778795986,40.98107299047703,14.0,0.2435020519835841,14.0,0.26180526134888304,0
0.2672615423863163,39.270005796801144,14.781609195402298,0.26046511627906976,14.781609195402298,0.26260319454000675,0
0.2040303822582301,40.811377919466175,10.93103448275862,0.15677154582763336,10.93103448275862,0.2288111007948028,0
0.42050299873781505,42.85289838730243,12.229885057471266,0.19808481532147745,12.229885057471266,0.24741831704078598,0
0.2521115116528209,41.94500579680114,12.850574712643676,0.213406292749658,12.850574712643676,0.2579985136662729,0
0.2409846233918755,39.07556135235669,13.74712643678161,0.23310533515731874,13.74712643678161,0.2288883036418068,0
0.2413209618098659,38.939450241245574,12.620689655172415,0.2079343365253078,12.620689655172415,0.2342020730597609,0
0.2617045568451249,35.65689189282515,17.160919540229887,0.32585499316005473,17.160919540229887,0.22203346369256166,0
0.16274014291201916,38.7045109404442,17.908045977011493,0.3419972640218878,17.908045977011493,0.26259787477391217,0
0.2601033480406142,38.35445024124557,14.333333333333336,0.2547195622435021,14.333333333333336,0.2566158752678909,0
0.26983477338333856,40.619711252799505,11.218390804597702,0.15430916552667578,11.218390804597702,0.2631209633531765,0
0.5570426058343376,43.10561019240552,16.057471264367813,0.2930232558139535,16.057471264367813,0.2358398264707741,0
1.1546410143348296,40.47908886349291,13.67816091954023,0.2265389876880985,13.67816091954023,0.2582008723989096,0
0.3033480930407204,39.97714865394399,13.89655172413793,0.2372093023255814,13.89655172413793,0.23961972725151656,0
0.4901061153469999,33.59759535699938,14.35632183908046,0.2508891928864569,14.35632183908046,0.3411875270464804,0
0.2778746465164527,36.20621344940477,15.71264367816092,0.28700410396716824,15.71264367816092,0.2586561247365737,0
0.5900190937384976,36.66566310245843,16.770114942528735,0.3192886456908345,16.770114942528735,0.3183926042158617,0
0.4642564361160183,37.27094700535103,12.942528735632186,0.213406292749658,12.942528735632186,0.24056068856908336,0
0.13874565695178992,36.26833913013447,13.241379310344827,0.22270861833105332,13.241379310344827,0.29278968250501275,0
0.3233888351336877,38.81833913013446,16.18390804597701,0.2987688098495212,16.18390804597701,0.2626269973715387,0
0.33132507445625553,37.74575553015956,12.850574712643676,0.21395348837209305,12.850574712643676,0.22921781959705845,0
0.23229912819508966,39.08035933215468,13.724137931034482,0.2320109439124487,13.724137931034482,0.2630112509546364,0
0.2991950968632637,39.72075553015957,12.816091954022989,0.2109439124487004,12.816091954022989,0.2598093455005425,0
0.08307768865442304,40.550950335354365,12.080459770114944,0.19124487004103968,12.080459770114944,0.30054829866104704,0
0.3179137920751627,38.79181252774579,17.229885057471265,0.3269493844049248,17.229885057471265,0.2578890366187211,0
0.36333214145714093,41.61595817775353,14.218390804597702,0.24705882352941175,14.218390804597702,0.2759544450551813,0
0.2958369390626745,41.022739657143696,12.275862068965518,0.19699042407660736,12.275862068965518,0.265109489459274,0
0.14271829575182002,38.662025998821335,17.321839080459768,0.3231190150478796,17.321839080459768,0.19159361993361884,0
0.4199577853136509,38.93750218929753,14.183908045977011,0.2456908344733242,14.183908045977011,0.32548872689773123,0
0.27140997272299994,38.79492643172177,16.54022988505747,0.3028727770177839,16.54022988505747,0.2992963701541839,0
0.21305932432446004,40.05048198727732,15.494252873563216,0.2834473324213406,15.494252873563216,0.2616700035740398,0
0.2516400063473941,38.8759805627759,15.908045977011492,0.2894664842681258,15.908045977011492,0.3309957709434011,0
0.36942974559388986,39.81165379758707,17.321839080459768,0.32968536251709984,17.321839080459768,0.3362876215615155,0
0.4329738735128002,42.965596800000846,13.71264367816092,0.2344733242134063,13.71264367816092,0.25474999680322097,0
0.4980951024634597,44.21574299883125,11.862068965517242,0.18549931600547195,11.862068965517242,0.2985186515967718,0
0.4798108957996257,35.82430198370602,11.597701149425287,0.18084815321477427,11.597701149425287,0.2383344508764472,0
0.28992612514438504,41.330822363910606,12.64367816091954,0.2073871409028728,12.64367816091954,0.2516747511913317,0
0.4832806237346285,41.227148653944,14.586206896551724,0.2563611491108071,14.586206896551724,0.2411486872488604,0
0.2777669470930679,42.971549180953204,14.149425287356324,0.2432284541723666,14.149425287356324,0.225643974454368,0
0.318640413734724,42.575958177753506,13.344827586206893,0.22735978112175104,13.344827586206893,0.2830823816550212,0
0.4344859763940005,40.45441971621505,14.609195402298848,0.2563611491108071,14.609195402298848,0.2913056998800017,0
0.37578352821960187,41.102148653944,14.482758620689655,0.2560875512995896,14.482758620689655,0.2836753436078587,0
0.43658537119891816,38.432307384102714,12.0,0.18276333789329685,12.0,0.23346681804701894,0
0.26845465853949746,41.23061019240555,15.298850574712644,0.2689466484268126,15.298850574712644,0.2767527678377608,0
0.1838990248177247,36.177171038966364,15.034482758620689,0.2725034199726402,15.034482758620689,0.2590712110079225,0
0.2520879057008202,37.23111690791224,16.379310344827587,0.3034199726402189,16.379310344827587,0.28725210020471226,0
0.3395529199690998,40.229235062323305,12.10344827586207,0.19069767441860466,12.10344827586207,0.24225500686648702,0
0.4899694299416684,39.82643230952056,11.965517241379311,0.18467852257181944,11.965517241379311,0.24255570800596835,0
0.6983671808154018,41.45333913013447,12.850574712643676,0.21121751025991792,12.850574712643676,0.2287233873305938,0
0.23799103990509995,39.95375834055368,14.344827586206893,0.2506155950752394,14.344827586206893,0.2495194773722549,0
0.2893373689955979,36.32624511304045,16.770114942528735,0.3121751025991792,16.770114942528735,0.2795726460864885,0
0.3353566350192341,42.02923506232332,11.195402298850574,0.16908344733242134,11.195402298850574,0.2468458045664973,0
0.36940542184748,39.71394352573885,15.0,0.26839945280437755,15.0,0.24913954084994125,0
0.3472132037000252,44.30979061787888,11.137931034482758,0.16114911080711353,11.137931034482758,0.3025129435656195,1
0.35521592344067965,40.729235062323305,10.965517241379311,0.16415868673050615,10.965517241379311,0.3778187684686961,1
0.3389121292482944,41.77243173493176,11.20689655172414,0.16716826265389878,11.20689655172414,0.3381122368059347,1
0.3656917957660949,44.35942986751812,11.528735632183906,0.1764705882352941,11.528735632183906,0.2981014520071769,1
0.3770978910164953,42.94882062382064,10.057471264367816,0.13160054719562242,10.057471264367816,0.3659952435496889,1
0.35180343573933803,41.09538655788658,11.333333333333336,0.15813953488372093,11.333333333333336,0.2732772105488198,1
0.3459462075938937,39.18754342063167,10.816091954022989,0.14856361149110808,10.816091954022989,0.2849586137016507,1
0.3908328444330498,41.91812395121222,10.505747126436782,0.14993160054719562,10.505747126436782,0.35851902375826306,1
0.3153205869728105,36.42765886074711,10.620689655172416,0.15047879616963064,10.620689655172416,0.2433108516886547,1
0.32841677771352784,43.052898387302434,10.666666666666666,0.1493844049247606,10.666666666666666,0.308083725014338,1
0.3996860790262801,42.900407925407954,10.494252873563218,0.14801641586867306,10.494252873563218,0.3746877925524494,1
0.36274564937676657,43.102355977356,9.482758620689657,0.1173734610123119,9.482758620689657,0.3675692716668358,1
0.3711035660953325,43.260887723387725,9.218390804597703,0.10287277701778386,9.218390804597703,0.3303176223462511,1
0.3399999945222575,44.858705183705204,9.74712643678161,0.12147742818057455,9.74712643678161,0.3430014760929373,1
0.3577478470996297,41.00533216783218,9.908045977011492,0.1280437756497948,9.908045977011492,0.3401397237980399,1
0.3142215498549782,41.92450923259747,11.505747126436784,0.17756497948016414,11.505747126436784,0.3025336352612689,1
0.3736034493080861,44.32263014763018,10.367816091954024,0.14610123119015048,10.367816091954024,0.3779780968244437,1
0.30420834135634645,41.824146583550615,12.35632183908046,0.2,12.35632183908046,0.2893529192599089,1
0.35965693177674624,43.84680042180045,10.632183908045976,0.15020519835841312,10.632183908045976,0.3014503657693066,1
0.378288951094935,40.87206723015548,11.310344827586205,0.16634746922024626,11.310344827586205,0.3179150032879255,1
0.340970647076784,42.47512060952465,11.586206896551724,0.1811217510259918,11.586206896551724,0.32817498545635554,1
0.3530743425819313,44.559429867518126,11.034482758620689,0.16196990424076607,11.034482758620689,0.3574687757656235,1
0.404442406532858,45.4352924852925,9.586206896551724,0.11874145006839945,9.586206896551724,0.4023668014567093,1
0.3439815498808652,43.48211788211791,9.379310344827584,0.11053351573187414,9.379310344827584,0.3681604785784091,1
0.383488795899668,43.88345394285798,10.517241379310343,0.1518467852257182,10.517241379310343,0.3963890286453386,1
0.3894250441023115,42.34337457777863,11.034482758620689,0.16361149110807113,11.034482758620689,0.3755558287331329,1
0.39249415262183773,42.48637791946617,12.885057471264368,0.19945280437756496,12.885057471264368,0.29952112527753244,1
0.33321047848443736,41.102355977355984,9.71264367816092,0.12229822161422707,9.71264367816092,0.2865224534939561,1
0.3449589120438265,42.18040056348881,10.804597701149426,0.15813953488372093,10.804597701149426,0.3798783097082626,1
0.354697727790334,40.49445554445556,9.632183908045976,0.11874145006839945,9.632183908045976,0.3511123359514386,1
0.3752805146703808,40.52132579322984,10.804597701149426,0.15047879616963064,10.804597701149426,0.33324705650303105,1
0.3616971964301952,41.53096348096349,10.218390804597703,0.13761969904240767,10.218390804597703,0.3254566730370705,1
0.3524370121785155,39.23875887184713,10.103448275862071,0.13707250341997262,10.103448275862071,0.3294329774784371,1
0.3837010714325693,38.80625526434351,11.022988505747128,0.1649794801641587,11.022988505747128,0.39271589529015377,1
0.418702757541999,43.51743534243535,9.666666666666666,0.12393980848153215,9.666666666666666,0.4043262073236832,1
0.4341967131457795,39.944540078944115,11.413793103448276,0.1759233926128591,11.413793103448276,0.43652797257674103,1
0.3978560776455895,41.69624125874128,10.71264367816092,0.14719562243502052,10.71264367816092,0.3997301438578305,1
0.4206094045522568,40.76334082584084,11.873563218390805,0.1781121751025992,11.873563218390805,0.288844613034841,1
0.42351067807577375,44.88588772338775,9.988505747126435,0.12120383036935704,9.988505747126435,0.4170600061980751,1
0.3532784124094581,43.51137791946617,11.241379310344827,0.16908344733242134,11.241379310344827,0.3295438998935984,1
0.4280023330315636,46.78013375513378,9.827586206896553,0.1299589603283174,9.827586206896553,0.4005027632504719,1
0.3779083298475931,37.53014932264161,12.011494252873565,0.19015047879616964,12.011494252873565,0.35247163548885035,1
0.395821672976284,39.5099927849928,9.091954022988508,0.10259917920656636,9.091954022988508,0.4488349070895405,1
0.3518090970272497,39.889632589632605,9.448275862068966,0.11326949384404925,9.448275862068966,0.3712545190920425,1
0.38929745583912395,38.753331287735335,11.758620689655173,0.17865937072503418,11.758620689655173,0.31853474805778564,1
0.3322429049948059,39.80304458613285,11.67816091954023,0.17674418604651165,11.67816091954023,0.2833012276471608,1
0.4588712642931181,44.3025543900544,10.367816091954024,0.14500683994528046,10.367816091954024,0.4120461260584984,1
0.3216728372699537,40.751829134917394,11.022988505747128,0.1540355677154583,11.022988505747128,0.2755133530936602,1
0.335032521735562,44.01789321789323,8.954022988505749,0.10533515731874143,8.954022988505749,0.3117510290177622,1
0.3755669890497521,42.63637791946617,11.034482758620689,0.1625170998632011,11.034482758620689,0.3527929033098821,1
0.3792727033722729,41.56895367704193,10.413793103448276,0.1439124487004104,10.413793103448276,0.3054557355205509,1
0.3350044567145405,43.59419608169609,10.229885057471263,0.13515731874145007,10.229885057471263,0.2895914167768545,1
0.4604496478750487,40.200950335354364,11.172413793103447,0.16142270861833105,11.172413793103447,0.5410435478094832,1
0.3725369667056144,42.38513014763016,10.402298850574713,0.14254445964432286,10.402298850574713,0.3617150890656668,1
0.3687949921342779,41.58428366868772,13.0,0.21477428180574554,13.0,0.2682395627889101,1
0.3041143311684929,42.705765068265094,11.241379310344827,0.16087551299589606,11.241379310344827,0.2574178331536388,1
0.4426305384099353,44.21971125279951,10.011494252873565,0.12503419972640215,10.011494252873565,0.4211758724648583,1
0.347598942096359,40.966244866244885,9.597701149425287,0.11354309165526676,9.597701149425287,0.3425398372070628,1
0.3509043099936022,39.253416436504686,10.770114942528737,0.15348837209302324,10.770114942528737,0.3352967197458938,1
0.3515751094645702,41.16534617343442,11.609195402298848,0.17236662106703146,11.609195402298848,0.3036412588750321,1
0.4016652217315315,40.285292485292494,9.367816091954024,0.11846785225718195,9.367816091954024,0.3786725030969345,1
0.401781964624952,44.266933475021744,11.597701149425287,0.17428180574555402,11.597701149425287,0.3699562983159231,1
0.3328111022523239,39.62917776667778,9.735632183908047,0.12175102599179205,9.735632183908047,0.3148027685166157,1
0.3551878165274269,38.83125526434351,10.540229885057473,0.14856361149110808,10.540229885057473,0.3100367980758962,1
0.3244965365205859,40.048622211122215,10.71264367816092,0.15102599179206566,10.71264367816092,0.27059749457833066,1
0.3558638351995551,44.91922105672106,10.459770114942527,0.14719562243502052,10.459770114942527,0.3381415333260329,1
0.3615396877430021,40.706324231324245,11.35632183908046,0.16634746922024626,11.35632183908046,0.27145145497224443,1
0.3436924540313845,44.269816294816316,9.160919540229887,0.0987688098495212,9.160919540229887,0.3768116612242659,1
0.3623932134064312,39.30063865872692,10.74712643678161,0.15129958960328316,10.74712643678161,0.30079026801527603,1
0.34612941911752176,42.948387723387754,9.724137931034482,0.11819425444596444,9.724137931034482,0.28028651503296315,1
0.3430467019860617,41.90374486624487,10.32183908045977,0.14500683994528046,10.32183908045977,0.3777417281899676,1
0.4074013609119568,42.63172105672108,10.413793103448276,0.1493844049247606,10.413793103448276,0.3818085075102451,1
0.4942192568212183,42.804235062323315,10.183908045977011,0.14336525307797535,10.183908045977011,0.4014811561648331,1
0.374164949056008,45.711580086580106,9.298850574712645,0.11025991792065663,9.298850574712645,0.3546808666613036,1
0.39704892911124906,43.3535214785215,10.839080459770114,0.1523939808481532,10.839080459770114,0.3880610016662306,1
0.3750889858963543,41.15652264402266,11.022988505747128,0.16443228454172365,11.022988505747128,0.30941709049557026,1
0.3328006114113164,42.170188145188156,10.804597701149426,0.14719562243502052,10.804597701149426,0.3100825970781354,1
0.3400781325943142,40.82501110001113,9.965517241379311,0.1283173734610123,9.965517241379311,0.3287205769198273,1
0.3396766612358988,40.44275436465842,12.35632183908046,0.19890560875513,12.35632183908046,0.29740288437416623,1
0.3319004445551617,41.704437229437254,9.264367816091953,0.1094391244870041,9.264367816091953,0.2890930368380049,1
0.3415370876121389,44.99422105672107,11.183908045977011,0.15841313269493845,11.183908045977011,0.2964041382150732,1
0.3468994847701173,44.38866550116553,10.816091954022989,0.15896032831737344,10.816091954022989,0.3113541800673263,1
0.35822230868631555,38.94193347502171,10.045977011494251,0.13187414500683994,10.045977011494251,0.3078682823523742,1
0.3117437122987441,43.72512060952465,11.183908045977011,0.16388508891928866,11.183908045977011,0.2918649807856883,1
0.38369722851309146,41.91545121545124,9.862068965517242,0.1225718194254446,9.862068965517242,0.3898582135456145,1
0.33591116512527475,43.99402264402266,10.264367816091953,0.14418604651162792,10.264367816091953,0.3044046425352195,1
0.3485741404577309,41.79419608169609,10.67816091954023,0.14528043775649796,10.67816091954023,0.2821643666479161,1
0.33574729524357144,43.55845394285798,12.551724137931034,0.20082079343365253,12.551724137931034,0.2822715519885656,1
0.3383269652872354,38.89743173493175,9.908045977011492,0.12859097127222982,9.908045977011492,0.3195428708490716,1
0.3588313389169139,41.38754342063167,10.919540229885056,0.16142270861833105,10.919540229885056,0.3737322613325019,1
0.3604393054765321,42.90516983016985,9.586206896551724,0.11819425444596444,9.586206896551724,0.3670173653322758,1
0.3837347241023345,41.40726346666752,12.942528735632186,0.21121751025991792,12.942528735632186,0.31737825438175354,1
0.34557411979447805,42.222630147630156,10.643678160919539,0.1466484268125855,10.643678160919539,0.3058067671939438,1
0.3661155933178838,40.37021312021313,9.74712643678161,0.12147742818057455,9.74712643678161,0.4058919298661878,1
0.3596086487856381,45.40791153291155,9.873563218390805,0.12722298221614226,9.873563218390805,0.3469251857841269,1
0.4248184522826699,41.077355977356,9.60919540229885,0.1253077975376197,9.60919540229885,0.4006916834592208,1
0.39244700554323897,44.45185410994236,10.126436781609195,0.13707250341997262,10.126436781609195,0.3713756392833416,1
0.34443249636905315,41.08751110001111,10.459770114942527,0.1411764705882353,10.459770114942527,0.30817910626901024,1
0.4191256655145379,41.07512060952465,11.839080459770114,0.1816689466484268,11.839080459770114,0.3853170364663348,1
0.3562484968687169,39.88598109406935,10.850574712643676,0.16196990424076607,10.850574712643676,0.2885371202665346,1
0.3647395944917525,40.7924103674104,11.10344827586207,0.15923392612859094,11.10344827586207,0.3331778399690157,1
0.35991891477656657,42.86123172063575,11.310344827586205,0.16744186046511628,11.310344827586205,0.32830429423079105,1
0.3851702171558055,41.927148653943995,12.79310344827586,0.21039671682626535,12.79310344827586,0.4008658476150968,1
0.406152651296812,42.865054390054404,10.32183908045977,0.1439124487004104,10.32183908045977,0.3585803114153129,1
0.3184213764946203,41.32248903057728,10.885057471264368,0.15896032831737344,10.885057471264368,0.33918368240755165,1
0.36179907519838905,45.059559884559896,9.471264367816092,0.11108071135430916,9.471264367816092,0.30652855556774894,1
0.36197595739526894,41.23172105672106,9.862068965517242,0.13296853625170998,9.862068965517242,0.32426736706236153,1
0.33794257669431194,45.428477486565754,10.436781609195403,0.13953488372093026,10.436781609195403,0.2815572228448289,1
0.3972309706978845,41.046241258741276,10.89655172413793,0.14993160054719562,10.89655172413793,0.2950390707751173,1
0.4007462358873455,43.16559680000085,11.735632183908047,0.18303693570451435,11.735632183908047,0.3323981312804735,1
0.33805901220427725,42.59667415917418,11.977011494252874,0.18331053351573187,11.977011494252874,0.2942723286589217,1
0.3208268129273476,43.769022644022655,11.045977011494253,0.15841313269493845,11.045977011494253,0.26649582512826275,1
0.3302337772157079,40.81971125279951,10.275862068965518,0.14062927496580027,10.275862068965518,0.28440648260705353,1
0.3786624289550253,38.96956505396909,12.080459770114944,0.18303693570451435,12.080459770114944,0.2839337347723423,1
0.3721322953487565,39.78715034965037,10.310344827586208,0.14309165526675788,10.310344827586208,0.3237484207092656,1
0.3791982046562999,37.78958859767685,11.770114942528734,0.18604651162790695,11.770114942528734,0.2975809564572889,1
0.3929905929315409,41.04408369408371,8.896551724137929,0.09466484268125856,8.896551724137929,0.4086037094963405,1
0.35083547262266285,42.52292193101019,10.701149425287355,0.15458276333789328,10.701149425287355,0.3167519509133945,1
0.3872938228830001,42.986580086580105,9.034482758620689,0.1039671682626539,9.034482758620689,0.43866612062075744,1
0.4022007415789911,41.8509670884671,10.57471264367816,0.15157318741450068,10.57471264367816,0.4139300622876245,1
0.34107564711937416,43.70239205239209,10.24137931034483,0.14309165526675788,10.24137931034483,0.2747270058375049,1
0.2791402880156909,39.337078199578215,11.114942528735632,0.1633378932968536,11.114942528735632,0.29538054055537066,1
0.3758736757997341,41.48119421428247,10.517241379310343,0.14911080711354308,10.517241379310343,0.3516488309573696,1
0.3464952213325052,45.17622655122657,9.137931034482758,0.10642954856361148,9.137931034482758,0.3029278280684501,1
0.34509654154269703,38.088340825840845,9.781609195402297,0.1261285909712722,9.781609195402297,0.3338310662002988,1
0.3492195715109036,44.14927849927852,9.804597701149426,0.11901504787961695,9.804597701149426,0.32894196324605185,1
0.365392367436688,39.443123951212186,10.229885057471263,0.1439124487004104,10.229885057471263,0.3780366310154607,1
0.41953517900711657,41.9529872904873,11.25287356321839,0.16607387140902874,11.25287356321839,0.3694361631692823,1
0.338701595740856,41.87296592296595,9.827586206896553,0.13105335157318745,9.827586206896553,0.3204777015089181,1
0.3601340282857372,41.876165501165524,9.71264367816092,0.12503419972640215,9.71264367816092,0.3251026573414429,1
0.3350198843254854,43.02512060952464,10.195402298850574,0.14199726402188784,10.195402298850574,0.3284990073586996,1
0.3584060968186961,43.36498542307368,12.885057471264368,0.20711354309165525,12.885057471264368,0.27816700965571506,1
0.29970728784258344,45.44005439005441,10.045977011494251,0.13132694938440492,10.045977011494251,0.29154501655701365,1
0.32509127256881376,42.35040792540795,9.60919540229885,0.12476060191518468,9.60919540229885,0.2649226387480237,1
0.4047877218121375,38.7495092325975,11.28735632183908,0.1652530779753762,11.28735632183908,0.37584329635255215,1
0.3576784233855843,42.464855977356,10.505747126436782,0.15157318741450068,10.505747126436782,0.291976340242368,1
0.3365133994520753,40.44139045079449,11.965517241379311,0.19015047879616964,11.965517241379311,0.2954131838307877,1
0.3511779564357884,40.33076506826508,12.241379310344827,0.1890560875512996,12.241379310344827,0.29953334726090824,1
0.34032072811908204,42.254340104340116,8.862068965517242,0.09712722298221614,8.862068965517242,0.3270552971282022,1
0.3591106088184401,42.914296814296826,9.965517241379311,0.1299589603283174,9.965517241379311,0.3389464632967757,1
0.3654031361039144,40.93763864704269,12.42528735632184,0.20547195622435024,12.42528735632184,0.3170881671263213,1
0.3304652426739091,43.67670791111197,13.137931034482758,0.21641586867305065,13.137931034482758,0.2884216248516732,1
0.3586241066117536,44.51872294372297,9.586206896551724,0.11600547195622435,9.586206896551724,0.32907659383607346,1
0.36945455436898256,39.723820623820636,10.149425287356324,0.13433652530779755,10.149425287356324,0.34289252755000704,1
0.34974244245725644,42.1012015762016,10.022988505747128,0.1253077975376197,10.022988505747128,0.38788331911575,1
0.3290085409554234,41.750950335354375,11.862068965517242,0.186593707250342,11.862068965517242,0.2934998056891053,1
0.3372997837895827,44.309300421800444,11.011494252873565,0.15649794801641587,11.011494252873565,0.2746574045458031,1
0.3794864179417563,38.51281902222307,12.034482758620689,0.18577291381668948,12.034482758620689,0.3348139374874964,1
0.3267549413557201,43.000407925407934,10.563218390804597,0.14199726402188784,10.563218390804597,0.3079582701120089,1
0.33265498431367674,37.33076506826508,11.0,0.16443228454172365,11.0,0.23798882714814024,1
0.3786586148660906,44.2111471861472,8.931034482758621,0.09986320109439124,8.931034482758621,0.3581127853768059,1
0.3802235862100608,38.97082768023171,11.28735632183908,0.17181942544459644,11.28735632183908,0.3876864395777161,1
0.4016539860882945,43.564855977356004,10.333333333333334,0.13707250341997262,10.333333333333334,0.4239422192332036,1
0.3851513434607976,43.723387723387745,10.724137931034482,0.14801641586867306,10.724137931034482,0.32471383584295915,1
0.3354939406482125,42.914296814296826,10.195402298850574,0.1409028727770178,10.195402298850574,0.3306950130189682,1
0.30183224140444864,40.95040792540794,10.229885057471263,0.1384404924760602,10.229885057471263,0.28853560853800875,1
0.3446658521369772,43.101796814296826,10.505747126436782,0.14062927496580027,10.505747126436782,0.3166947558253609,1
0.3682126866595885,41.88428366868772,11.655172413793107,0.1805745554035568,11.655172413793107,0.3178811465888781,1
0.3183958124622968,42.82609653418479,11.459770114942527,0.17209302325581394,11.459770114942527,0.2760357389834196,1
0.3812520254562807,42.082886557886575,9.32183908045977,0.11354309165526676,9.32183908045977,0.4005902147771704,1
0.32524978934492943,41.16022351831176,12.057471264367814,0.1874145006839945,12.057471264367814,0.28742642244494704,1
0.3246778405763395,43.00791153291154,10.172413793103447,0.1337893296853625,10.172413793103447,0.2665335587834428,1
0.3579106041611905,42.679574592074616,11.091954022988508,0.16443228454172365,11.091954022988508,0.3843107374243833,1
0.3354200559966588,38.670876753965004,10.701149425287355,0.1523939808481532,10.701149425287355,0.2764912731468117,1
0.3575451743002555,41.83637791946617,11.862068965517242,0.1838577291381669,11.862068965517242,0.3737152044139711,1
0.34959705043406986,44.024578199578215,9.413793103448276,0.1146374829001368,9.413793103448276,0.3365092108290098,1
0.3094229950679437,39.82248903057727,11.275862068965518,0.16990424076607386,11.275862068965518,0.2420926892564708,1
0.4124131494645827,42.63598109406935,11.06896551724138,0.16169630642954858,11.06896551724138,0.3617579038431756,1
0.331899675901313,41.81707459207461,9.586206896551724,0.12038303693570453,9.586206896551724,0.25880517570547,1
0.4007114891099175,42.239855977356,9.79310344827586,0.1307797537619699,9.79310344827586,0.3238594995311072,1
0.3192548233421581,42.052148653944,13.149425287356324,0.2188782489740082,13.149425287356324,0.30535953351890377,1
0.3823859446204293,39.81245004995006,10.517241379310343,0.14418604651162792,10.517241379310343,0.4032296059150351,1
0.33077301415739113,41.02789838730243,12.390804597701152,0.19589603283173732,12.390804597701152,0.26837316812789563,1
0.34111256399306666,43.64402264402265,9.816091954022989,0.12913816689466484,9.816091954022989,0.3226728927812013,1
0.3404395943468574,44.1795745920746,10.551724137931034,0.1439124487004104,10.551724137931034,0.3130552680747026,1
0.319555052333802,43.94838772338775,10.034482758620689,0.12503419972640215,10.034482758620689,0.2702986505120055,1
0.3170292276112279,42.568463480963494,9.965517241379311,0.12448700410396715,9.965517241379311,0.277786231055097,1
0.34422266719753264,41.831255264343525,10.42528735632184,0.14965800273597812,10.42528735632184,0.3618563075226912,1
0.34468257342793945,41.49283216783218,9.528735632183908,0.1228454172366621,9.528735632183908,0.3488959472977453,1
0.3483408595620053,44.852355977356,10.28735632183908,0.13214774281805747,10.28735632183908,0.3176876772224182,1
0.3416463147481151,40.41137791946617,11.0,0.16607387140902874,11.0,0.3089849050035761,1
0.3740870593650861,44.82695915195917,9.0,0.10314637482900137,9.0,0.3403913424878444,1
0.355342907095136,38.901573426573435,9.586206896551724,0.12038303693570453,9.586206896551724,0.33448534096467303,1
0.3795801461985393,40.29454007894414,11.045977011494253,0.1709986320109439,11.045977011494253,0.3863530017002434,1
0.39052824459525104,41.930822363910615,10.60919540229885,0.14965800273597812,10.60919540229885,0.39905280657423897,1
0.3746204475531176,40.351598401598416,10.28735632183908,0.13269493844049246,10.28735632183908,0.3314315925968238,1
0.3935723031351863,40.39657703407705,10.379310344827584,0.13980848153214775,10.379310344827584,0.3773388729955491,1
0.3294704393851565,41.69399766899768,10.804597701149426,0.15157318741450068,10.804597701149426,0.27283452919907913,1
0.3368878974881936,36.12595033535437,12.505747126436784,0.2084815321477428,12.505747126436784,0.29477133339455674,1
0.36134411363694896,39.727355977355984,9.919540229885056,0.1337893296853625,9.919540229885056,0.2929774372283332,1
0.3963549226315128,42.70040792540794,10.195402298850574,0.1354309165526676,10.195402298850574,0.3327203658580255,1
0.32658580206714505,43.0356203437086,10.71264367816092,0.15157318741450068,10.71264367816092,0.27353564102906525,1
0.3132581135317091,44.657153957153966,9.839080459770113,0.12147742818057455,9.839080459770113,0.2774210983253905,1
0.3659342452875221,38.93944239884644,12.64367816091954,0.20465116279069767,12.64367816091954,0.3278803955905747,1
0.3425718120896104,41.00179681429681,10.839080459770114,0.15622435020519834,10.839080459770114,0.3068233799104655,1
0.3712741223195312,45.897197247197276,10.597701149425287,0.1389876880984952,10.597701149425287,0.30252987271336795,1
0.3634522691456214,40.808542846042855,9.344827586206897,0.1091655266757866,9.344827586206897,0.33529969380303554,1
0.3611560517935761,40.66066433566435,10.195402298850574,0.14363885088919287,10.195402298850574,0.31885276063935897,1
0.354382366001996,42.08428366868772,11.540229885057473,0.1789329685362517,11.540229885057473,0.2858509536372939,1
0.3995371785067998,42.45040792540794,9.942528735632184,0.13488372093023254,9.942528735632184,0.3519677951756061,1
0.32488030808688284,43.314296814296824,10.114942528735632,0.12859097127222982,10.114942528735632,0.2849697518381194,1
0.3216932469464771,44.12393013333416,11.448275862068966,0.17783857729138167,11.448275862068966,0.3333718416992177,1
0.3641409772700693,43.57060994560995,10.620689655172416,0.1411764705882353,10.620689655172416,0.3376431286222929,1
0.3776990031243019,41.14422105672107,10.655172413793103,0.1523939808481532,10.655172413793103,0.3350020224284925,1
0.2938081177010277,36.50556665556665,9.356321839080461,0.11108071135430916,9.356321839080461,0.28823411438215896,1
0.3602591972609094,41.03310994560995,11.71264367816092,0.17920656634746926,11.71264367816092,0.3402028157248653,1
0.4008093302715564,43.1261655011655,9.402298850574713,0.11436388508891927,9.402298850574713,0.3799757589510115,1
0.3263269318704484,41.94337457777861,13.011494252873565,0.2106703146374829,13.011494252873565,0.2968634124626989,1
0.30907367578116945,41.18268814518817,10.448275862068966,0.14363885088919287,10.448275862068966,0.2689169723552859,1
0.3686810939040803,41.48763864704269,12.655172413793107,0.2021887824897401,12.655172413793107,0.2837970394453405,1
0.3598113110492323,42.1525543900544,10.770114942528737,0.15567715458276332,10.770114942528737,0.3834968109215217,1
0.3599867952291716,44.23915569724396,11.551724137931034,0.17920656634746926,11.551724137931034,0.3336310786262187,1
0.3673875160259871,42.722630147630156,9.988505747126435,0.12886456908344734,9.988505747126435,0.3231230068977253,1
0.349266018466274,42.34178727619132,11.57471264367816,0.18030095759233927,11.57471264367816,0.35669415726646103,1
0.3586049175763902,43.845646020646036,9.74712643678161,0.12476060191518468,9.74712643678161,0.3077982814731435,1
0.3710386389383572,39.109790617878865,10.402298850574713,0.13433652530779755,10.402298850574713,0.3640153368315239,1
0.3487948850295368,43.1072634666675,12.183908045977011,0.19042407660738714,12.183908045977011,0.2810124234857928,1
0.3511046556902937,43.07455322455325,10.39080459770115,0.14062927496580027,10.39080459770115,0.3317743351468025,1
0.3489003443095503,40.45040792540794,10.988505747126435,0.15649794801641587,10.988505747126435,0.2974169424597915,1
0.3202186041864165,40.85516983016984,9.183908045977011,0.10752393980848153,9.183908045977011,0.2925923715484258,1
0.32088080491273485,41.49395367704192,10.827586206896553,0.15376196990424074,10.827586206896553,0.2991367439069489,1
0.33656826600502154,44.80423506232332,10.551724137931034,0.1466484268125855,10.551724137931034,0.3061550194598439,1
0.3838551964966063,42.623387723387744,10.333333333333334,0.13980848153214775,10.333333333333334,0.3666223722962431,1
0.4047849315783605,40.79957819957821,9.459770114942527,0.11299589603283175,9.459770114942527,0.33033456431578473,1
0.3618851096249309,44.35672105672107,9.781609195402297,0.12941176470588234,9.781609195402297,0.3854380036383427,1
0.3250085941017637,44.435130147630176,10.413793103448276,0.1417236662106703,10.413793103448276,0.27757226728879103,1
0.3425452060401046,42.612568395656645,10.632183908045976,0.1540355677154583,10.632183908045976,0.2995573494499733,1
0.3731013001126606,41.44215912656317,11.666666666666664,0.17701778385772915,11.666666666666664,0.3364839744307516,1
0.3716705350511517,44.80949883449886,8.873563218390805,0.09247606019151848,8.873563218390805,0.3867589659250201,1
0.3507906520527097,45.85870518370519,9.436781609195403,0.11299589603283175,9.436781609195403,0.29602871361430944,1
0.3165101709463977,39.37292193101018,11.034482758620689,0.15595075239398085,11.034482758620689,0.29708720322300625,1
0.3558770926459165,42.93926073926074,8.60919540229885,0.09220246238030096,8.60919540229885,0.3661970953057321,1
0.36492357917430895,38.83251599192004,12.402298850574713,0.19233926128590967,12.402298850574713,0.2910073119402067,1
0.3237357292059928,41.06880747821153,12.172413793103447,0.1841313269493844,12.172413793103447,0.2821918628969595,1
0.3267852636651459,41.33348179598181,10.942528735632184,0.15540355677154585,10.942528735632184,0.3259038536376397,1
0.38407847350529933,43.60205627705629,8.988505747126437,0.1012311901504788,8.988505747126437,0.389786487003563,1
0.35586640168941325,41.040993625397675,13.436781609195402,0.22188782489740086,13.436781609195402,0.2717787387848284,1
0.38239279109872704,41.577554390054395,10.06896551724138,0.13679890560875513,10.06896551724138,0.40212419238025054,1
0.32599423859801496,41.423820623820646,10.06896551724138,0.12913816689466484,10.06896551724138,0.28610416669064,1
0.33822285898857196,43.648387723387735,11.25287356321839,0.16114911080711353,11.25287356321839,0.32357524459880393,1
0.351464502382567,39.027140811544854,12.137931034482758,0.1838577291381669,12.137931034482758,0.30153781138860697,1
0.36307811086221614,43.502355977356,9.908045977011492,0.1253077975376197,9.908045977011492,0.3211231694326833,1
0.3755620985885508,42.83685481185483,11.402298850574713,0.1625170998632011,11.402298850574713,0.3210529896590119,1
0.4097187023143821,43.869221056721074,10.965517241379311,0.16196990424076607,10.965517241379311,0.41155572145546987,1
0.39341793721078094,38.13794024602849,11.64367816091954,0.17537619699042406,11.64367816091954,0.31618941536837675,1
0.3310832991209759,41.23374125874128,10.195402298850574,0.13050615595075238,10.195402298850574,0.2659066984030811,1
0.3803909302679483,38.1534164365047,10.79310344827586,0.1578659370725034,10.79310344827586,0.3527347189984627,1
0.33473402924559736,41.30740966549792,10.79310344827586,0.1573187414500684,10.79310344827586,0.2549047167244557,1
0.3573609393221365,39.61013014763017,10.172413793103447,0.13488372093023254,10.172413793103447,0.3466541883696634,1
0.3580015435858355,43.367074592074616,9.724137931034482,0.12366621067031465,9.724137931034482,0.4038699348495773,1
0.3317718100267318,41.59131701631704,11.126436781609195,0.15978112175102602,11.126436781609195,0.3091973325508325,1
0.4105080535445572,38.36826506826508,10.816091954022989,0.14746922024623804,10.816091954022989,0.3278893074045114,1
0.3704544385267359,40.519314427402676,11.597701149425287,0.17701778385772915,11.597701149425287,0.30464918551085896,1
0.4040425445898912,39.853546453546464,9.32183908045977,0.11025991792065663,9.32183908045977,0.3898288414095651,1
0.37449533737635815,40.330765068265094,10.643678160919539,0.14993160054719562,10.643678160919539,0.3710559201027972,1
0.3695986696009759,42.987568395656645,10.988505747126435,0.15868673050615595,10.988505747126435,0.3560193132625706,1
0.4765104298484937,39.24709220518045,9.735632183908047,0.1283173734610123,9.735632183908047,0.3953677575682962,1
0.3880939795448766,40.79283216783219,9.42528735632184,0.11545827633378933,9.42528735632184,0.32215603126029485,1
0.3668242886904811,40.28493173493175,9.356321839080461,0.10779753761969904,9.356321839080461,0.365768372948376,1
0.3430044981633624,41.62728701037528,10.39080459770115,0.13679890560875513,10.39080459770115,0.3440546142525777,1
0.3298786836862101,41.50185410994236,11.655172413793107,0.17783857729138167,11.655172413793107,0.25960531740829795,1
0.33802604713118084,41.48251470751472,10.436781609195403,0.1521203830369357,10.436781609195403,0.2729169453381011,1
0.3691761417908867,42.30132726750377,12.06896551724138,0.18549931600547195,12.06896551724138,0.3266062945195753,1
0.3501232428785981,44.19005439005441,10.597701149425287,0.14445964432284542,10.597701149425287,0.2960925157808895,1
0.3874880095037657,40.7694305694306,10.816091954022989,0.15458276333789328,10.816091954022989,0.3040335896789104,1
0.395967800814099,40.41849580158405,11.540229885057473,0.17400820793433652,11.540229885057473,0.3561448187028615,1
0.3810516335129043,42.47038655788658,10.39080459770115,0.1384404924760602,10.39080459770115,0.350151066132086,1
0.40690020511255776,39.893265068265094,9.965517241379311,0.1332421340629275,9.965517241379311,0.3538256618867145,1
0.3226505132899611,43.39276320085145,10.804597701149426,0.14993160054719562,10.804597701149426,0.3005036587528027,1
0.32762045472632695,39.9201441532324,9.827586206896553,0.12941176470588234,9.827586206896553,0.28138451469734804,1
0.3736722885363155,40.51905871905874,9.42528735632184,0.11491108071135432,9.42528735632184,0.28203722511828644,1
0.3970151561403694,42.44471125279951,10.862068965517242,0.16005471956224349,10.862068965517242,0.37183049382928696,1
0.3489816784326128,40.449379786879796,10.183908045977011,0.13515731874145007,10.183908045977011,0.3160584617705463,1
0.3690022844426861,41.38739722180127,11.609195402298848,0.1761969904240766,11.609195402298848,0.3374577163020862,1
0.3682988031789645,44.2106203437086,12.229885057471266,0.18823529411764706,12.229885057471266,0.3059259789332321,1
0.39272333517463787,41.403744866244885,10.39080459770115,0.1384404924760602,10.39080459770115,0.3772865268474623,1
0.35395416360656384,41.52670791111195,12.609195402298848,0.2,12.609195402298848,0.22610944833318594,1
0.3371359533506019,44.048318756407006,11.551724137931034,0.16662106703146373,11.551724137931034,0.2719766698477681,1
0.37924990546581344,40.879235062323325,10.459770114942527,0.14829001367989056,10.459770114942527,0.39536408331803935,1
0.3468289869913672,40.83637791946617,12.20689655172414,0.1948016415868673,12.20689655172414,0.25858093889035144,1
0.3651976026317125,40.9701441532324,10.67816091954023,0.1518467852257182,10.67816091954023,0.3223477315890279,1
0.33715815494811635,39.41824009324011,10.735632183908047,0.15595075239398085,10.735632183908047,0.31693749942120736,1
0.33334287788361816,40.5932650682651,10.402298850574713,0.1387140902872777,10.402298850574713,0.2735209673290778,1
0.4338044171883442,44.94957819957822,9.79310344827586,0.12311901504787963,9.79310344827586,0.3731723686570284,1
0.32134757832383337,44.06981629481632,9.57471264367816,0.1091655266757866,9.57471264367816,0.3131941813346789,1
0.3399936442319585,42.31415569724394,11.10344827586207,0.16908344733242134,11.10344827586207,0.2692658698090852,1
0.3317144362841861,44.33807026307028,9.356321839080461,0.11108071135430916,9.356321839080461,0.302658293884002,1
0.42509254859092205,41.798820623820646,10.93103448275862,0.15622435020519834,10.93103448275862,0.4337225813939587,1
0.4091276027599388,42.85672105672108,10.701149425287355,0.15677154582763336,10.701149425287355,0.4539573651364877,1
0.39491718154499467,39.58810633810635,9.862068965517242,0.12147742818057455,9.862068965517242,0.3480671554175632,1
0.34995874647417635,43.92512060952465,12.034482758620689,0.18850889192886452,12.034482758620689,0.3623760106849592,1
0.3746157126013305,40.93430042180043,10.563218390804597,0.1518467852257182,10.563218390804597,0.32556187930887304,1
0.4492966305866896,43.42620157620159,9.873563218390805,0.11518467852257183,9.873563218390805,0.3667066944456302,1
0.4278261147277387,39.34326506826508,10.137931034482758,0.13515731874145007,10.137931034482758,0.3304088353311453,1
0.4498925549736483,42.16072538572541,9.459770114942527,0.11901504787961695,9.459770114942527,0.4307873261125082,1
0.33666397383383045,41.360620343708604,9.356321839080461,0.11108071135430916,9.356321839080461,0.26640372761006625,1
0.3510713632545414,39.96761700202104,11.885057471264368,0.1844049247606019,11.885057471264368,0.3292341739049746,1
0.3385557729229445,45.00740966549793,11.850574712643676,0.172640218878249,11.850574712643676,0.3040292971139995,1
0.3433840797397737,43.144565053969096,10.24137931034483,0.13761969904240767,10.24137931034483,0.3136454775980817,1
0.35036059619232435,41.501829134917394,11.229885057471263,0.1633378932968536,11.229885057471263,0.3375540485432822,1
0.3444909794970827,43.7684634809635,10.367816091954024,0.1439124487004104,10.367816091954024,0.3460334598802662,1
0.3649071468743288,41.22338772338775,10.632183908045976,0.14911080711354308,10.632183908045976,0.2978135342818532,1
0.3760257720299707,43.10726346666751,10.758620689655173,0.15376196990424074,10.758620689655173,0.38045344267908177,1
0.3749474272074536,44.81852077660904,10.586206896551724,0.14801641586867306,10.586206896551724,0.33348932516885416,1
