interesting,length,GCcontent,pis,num_gaps,max_gap_length,mean_gap_length,seg_sites_with_gaps,sd_gap_length,number_sites_1_or_more_subst,freq_sites_w_1_obs_bases,freq_sites_w_2_obs_bases,freq_sites_w_3_obs_bases,freq_sites_w_4_obs_bases
0,1560,0.578502164758911,12.5,116,31,9.666666666666666,394,9.393743888483668,359,1166,314,38,7
0,1026,0.43478554846852535,6.92,472,149,27.764705882352942,363,39.056896656936125,183,663,170,13,0
0,1669,0.4105778811026237,4.67,645,473,35.833333333333336,693,110.10115669638695,247,976,232,15,0
0,1699,0.4202964451020048,6.95,366,60,17.428571428571427,443,20.387671344642158,328,1256,297,31,0
0,1766,0.47299271024868617,4.3,198,65,12.375,295,18.095579570712843,242,1471,218,24,0
0,1553,0.42008527610557567,4.38,435,81,31.071428571428573,297,31.85173412913286,172,1256,159,13,0
1,1256,0.43825490429854086,4.3,129,79,21.5,235,29.077482697097423,168,1021,161,7,0
0,1293,0.40459644860480903,7.5,227,110,25.22222222222222,327,35.382826970784066,247,966,228,19,0
0,1680,0.3954481580470063,9.05,882,615,49,942,144.75171440618385,352,738,320,32,0
0,1030,0.32847825843765033,9.61,99,25,6.6,262,7.258492562902734,238,768,212,25,1
0,913,0.43563389039044753,7.89,444,108,18.5,292,29.680911740361523,169,621,145,23,1
0,1141,0.3552182240102145,8.5,404,297,50.5,509,101.62676812730001,226,632,205,20,1
0,1608,0.38523378170803485,11.19,322,124,24.76923076923077,522,34.838087026877744,389,1086,326,60,3
0,880,0.39346283495756873,8.98,238,62,23.8,284,22.448954442368926,206,596,181,22,3
0,1298,0.3835193941764141,5.39,274,105,21.076923076923077,316,31.135353802554683,204,982,179,24,1
0,1373,0.46800891093270564,9.25,237,63,12.473684210526315,389,19.681825855490338,291,984,263,26,2
0,1588,0.3806840547593707,9.07,773,549,51.53333333333333,849,138.4557003246199,376,739,343,33,0
0,1713,0.3763579613014809,2.63,975,696,121.875,832,234.22604314147964,157,881,148,8,1
0,1640,0.48196488064632004,13.66,237,67,19.75,506,24.061002019488264,415,1134,353,56,6
0,1680,0.3890427337506614,5.89,302,68,18.875,417,20.477223119033173,304,1263,279,25,0
0,1413,0.44098730954043286,14.37,749,509,49.93333333333333,818,129.6156222212798,430,595,364,59,7
0,1153,0.5599453260836793,13.62,325,92,21.666666666666668,436,30.80970780838558,310,717,272,35,3
0,1132,0.5810039043030404,19.17,1620,422,101.25,778,139.87780381461528,456,354,376,72,8
0,1432,0.40691504443418314,4.89,1055,791,117.22222222222223,952,254.37756277715303,202,480,184,16,2
0,1615,0.35909162705877284,7.93,1098,909,64.58823529411765,1086,218.0352777716055,317,529,285,30,2
0,1715,0.41950044735054115,6.53,345,64,31.363636363636363,366,25.656471804489126,273,1349,246,26,1
1,1723,0.5119976968706901,7.89,290,98,22.307692307692307,492,26.34193303266554,368,1231,325,41,2
0,1088,0.3485933042768216,6.43,226,60,20.545454545454547,268,20.636684018338006,210,820,180,28,2
0,1649,0.3942949498341799,6.55,418,131,52.25,409,33.05298776207682,262,1240,232,30,0
1,1003,0.38571149716962716,6.28,82,32,6.833333333333333,188,9.311120754075189,167,815,156,10,1
1,1943,0.3934775265989529,6.54,3112,1509,155.6,1651,451.6804179948473,333,292,296,34,3
0,1333,0.3970419048947148,12.98,877,499,32.48148148148148,822,96.97992273200373,360,511,310,45,5
0,1258,0.4256062662802216,10.33,290,98,22.307692307692307,415,27.74702571263154,294,843,262,30,2
0,1197,0.37618331501725566,11.7,322,69,10.0625,504,13.210302675343723,382,693,339,41,2
0,1907,0.4140946004737275,5.4,296,102,14.8,415,23.390506396264367,307,1492,272,33,2
0,2052,0.34181867300018576,7.21,576,432,26.181818181818183,800,91.36772190473289,432,1252,385,42,5
0,608,0.41807866288430573,7.57,469,117,22.333333333333332,257,37.202598475554545,115,351,108,7,0
0,1312,0.38378754146830807,9.07,326,70,29.636363636363637,416,29.890710019244196,335,896,290,43,2
0,1429,0.5252009781070848,7.63,1671,844,151.9090909090909,1021,288.5860199474169,300,408,265,31,4
0,1638,0.37035783297366676,11.48,442,291,55.25,704,96.42724866817618,457,934,401,53,3
0,1441,0.3589657218933962,13.67,570,288,31.666666666666668,597,71.30382383938218,409,844,333,68,8
0,1534,0.39489933894230766,4.69,279,57,34.875,336,20.03167135170845,219,1198,206,11,2
0,1626,0.4733142078054877,5.41,482,90,26.77777777777778,379,36.966686999410946,244,1247,217,26,1
0,1895,0.3780714998904123,6.02,259,61,14.38888888888889,377,20.13232369887639,308,1518,271,34,3
0,1308,0.42686882933709447,9.33,206,61,29.428571428571427,363,20.040435315108493,309,945,276,33,0
0,1888,0.41602505785164334,5.61,268,91,11.166666666666666,384,22.295772004471214,286,1504,266,20,0
0,1424,0.4093496806983383,9.41,2441,912,110.95454545454545,1385,262.38892929475935,355,39,302,50,3
0,1665,0.4673235108017717,8.29,881,394,58.733333333333334,706,104.77217914985602,290,959,266,20,4
0,1648,0.4324392376289561,9.16,109,35,5.45,400,8.450942021611057,361,1248,314,42,5
0,1637,0.4127961385016993,8.61,160,52,22.857142857142858,438,20.47297870713632,376,1199,333,41,2
0,1375,0.4077509081124714,8.07,454,107,16.814814814814813,420,26.564923427240604,291,955,250,36,5
0,1597,0.39895108450888384,6.26,1112,825,42.76923076923077,1021,160.52222467740913,274,576,254,19,1
0,1637,0.4805291267286811,8,856,665,57.06666666666667,918,168.8069339582381,340,719,310,26,4
0,1716,0.4249890811355619,5.54,363,140,45.375,458,50.35286202675787,249,1258,231,17,1
0,1636,0.4733259425069024,9.11,482,125,25.36842105263158,508,33.241892121431135,355,1128,310,41,4
1,1536,0.4154131666341082,6.38,423,139,42.3,486,48.63480692307151,293,1050,267,25,1
0,1605,0.47778592269989795,5.92,386,120,55.142857142857146,423,44.6632905618196,273,1182,246,27,0
0,1459,0.3970942010635604,6.85,366,102,21.529411764705884,366,32.699613237504096,237,1093,217,20,0
0,1676,0.42589813144596067,7.82,369,127,52.714285714285715,563,49.01603236259977,356,1113,331,25,0
0,1343,0.42064582617657165,8.94,206,72,22.88888888888889,372,29.293533605748404,307,971,271,34,2
1,1138,0.43766042712930553,5.8,337,84,37.44444444444444,248,30.692471027562732,141,890,132,9,0
0,1191,0.44282592862345227,8.56,323,87,9.228571428571428,355,17.00533776803748,249,836,208,36,5
0,1696,0.3717733323357163,3.6,285,73,35.625,320,33.26060518305187,189,1376,182,7,0
0,1689,0.4303665567521989,9.06,881,511,51.8235294117647,893,121.62813988450496,450,796,402,46,2
0,1683,0.4296041732272684,6.54,218,45,16.76923076923077,369,15.61064725411178,301,1314,274,25,2
0,1750,0.4359274891846155,5.94,250,95,27.77777777777778,405,36.47868479597975,257,1345,242,14,1
1,1659,0.3924253064573324,5.73,378,119,18,451,31.58797239456816,296,1208,260,35,1
0,1224,0.44834822061534096,5.56,484,119,37.23076923076923,334,38.57277504094014,185,890,167,16,2
1,1762,0.3782287337576937,7.95,803,441,50.1875,774,108.93742469876915,377,988,335,38,4
0,1240,0.5061373261871743,5.4,776,596,86.22222222222223,743,192.04932815410848,185,497,170,12,3
0,1922,0.3988147880756851,7.91,839,658,76.27272727272727,987,194.63611736216424,406,935,371,35,0
0,1682,0.3914964488245334,8.26,829,502,103.625,881,172.0489444481258,341,801,322,16,3
0,1316,0.4494016854424725,3.19,221,117,17,282,31.509257898803856,136,1034,129,7,0
0,1770,0.5455209760553272,7.85,338,75,37.55555555555556,407,27.322660517925,307,1363,278,26,3
1,1726,0.5078172018563347,8.34,485,112,37.30769230769231,549,34.819497927130364,387,1177,345,38,4
0,1687,0.42176029936971204,4.98,266,75,16.625,308,19.064364662899205,205,1379,178,21,6
0,1056,0.36515651281155115,8.43,241,72,15.0625,293,19.447257732989844,214,763,192,21,1
0,1455,0.36677777511330667,7.29,1376,1205,80.94117647058823,1321,290.0589316389506,270,134,243,25,2
0,1820,0.45856684710187895,6.98,1362,989,71.6842105263158,1213,223.50193949732142,339,607,312,26,1
0,1427,0.47808461301464267,11.77,184,56,12.266666666666667,374,14.892311854811274,318,1053,267,46,5
0,1239,0.6426955958670784,14.29,620,220,32.63157894736842,484,65.79193679599668,306,755,245,56,5
0,1203,0.663831106546656,13.8,1131,514,87,903,162.9509128541476,277,300,219,54,4
0,1206,0.4084453158624647,10.12,254,112,14.11111111111111,357,26.67426362374941,265,849,235,28,2
1,926,0.39259508834980533,10.69,325,70,18.055555555555557,349,23.585818825582518,243,577,208,33,2
0,1483,0.3676153413353338,10.52,856,524,45.05263157894737,922,120.55126787858559,431,561,375,51,5
0,1503,0.5762013483698869,10.05,377,142,47.125,506,54.420157767398756,315,997,281,33,1
0,1400,0.4408308145903165,6.36,311,65,22.214285714285715,293,24.106107018853038,209,1107,180,25,4
0,1602,0.4344740305032826,3.87,189,79,13.5,277,24.5349044926109,192,1325,181,11,0
0,1747,0.45691357533829,4.12,963,721,40.125,931,146.11916295479077,207,816,191,15,1
0,1814,0.43110028368974773,4.96,407,94,16.28,312,30.061769741650274,213,1502,181,28,4
0,1709,0.4396807082177824,2.98,336,77,48,298,28.821288428289716,168,1411,158,8,2
0,800,0.32901132141965606,10.5,909,393,37.875,737,100.23420942537749,208,63,181,25,2
0,1718,0.39231047851575596,5.3,301,80,27.363636363636363,369,23.82969881166242,242,1349,226,15,1
0,1874,0.41478104659604054,5.18,300,92,30,342,33.555923471125034,238,1532,217,20,1
0,1672,0.4322113459706479,7.06,427,115,28.466666666666665,465,39.065634636132685,299,1207,265,34,0
0,1062,0.42833984311250856,6.97,363,93,17.285714285714285,296,24.930188240650846,189,766,172,15,2
0,1735,0.44252800704596557,7.84,859,423,53.6875,757,107.36586592891926,289,978,262,22,5
0,1812,0.4417997503884262,4.97,402,151,44.666666666666664,501,43.96873889481025,322,1311,290,31,1
0,1397,0.5258361425077666,9.88,234,49,15.6,394,19.01052340152685,320,1003,289,28,3
1,1581,0.41253537976715005,7.15,327,91,12.576923076923077,446,19.185771971798427,314,1135,285,28,1
0,1546,0.682514242309153,13.91,2447,1033,188.23076923076923,1532,319.0977263697737,450,14,358,86,6
0,1439,0.49199204438396316,16.26,651,469,40.6875,851,114.7343126531902,534,588,465,68,1
0,1577,0.4520973399590763,7.29,148,51,9.866666666666667,331,12.938683233216734,287,1246,262,23,2
0,1717,0.49066930565092703,6.17,487,110,22.136363636363637,427,29.74061749534345,268,1290,238,28,2
1,1406,0.4120669213542353,4.98,802,562,61.69230769230769,773,153.83995179806436,195,633,179,16,0
0,1864,0.3787495124472979,5.74,269,72,6.255813953488372,442,13.73922612233866,323,1422,304,19,0
0,1631,0.4205959455353547,7.36,209,86,19,352,23.983327542274026,281,1279,249,29,3
0,1216,0.45158168396682924,5.02,260,46,20,279,18.133762249829275,218,937,202,16,0
1,1727,0.4403620126944717,5.21,321,105,40.125,390,38.73144717151684,229,1337,215,14,0
1,1540,0.42183414619528165,7.47,248,62,27.555555555555557,368,21.46573496942925,284,1172,259,21,4
0,1639,0.5573957536071661,13.54,953,726,73.3076923076923,989,197.50079519476398,397,650,330,58,9
0,1142,0.6288765911476646,13.92,155,64,22.142857142857142,344,28.72529994870127,295,798,245,46,4
1,1591,0.5624079248158496,13.14,168,63,21,435,22.627416997969522,385,1156,336,43,6
0,1495,0.5788511789958315,16.12,967,849,69.07142857142857,1073,224.70954390252123,446,422,378,67,1
0,1557,0.4347654798186278,5.52,858,299,78,557,98.97171313057079,250,1e3,232,17,1
0,1084,0.4626539425281228,8.3,492,117,32.8,348,30.868846986658156,225,736,197,26,2
0,1155,0.4122232994021651,10.74,1349,470,89.93333333333334,759,144.05577623499403,345,396,294,50,1
0,1637,0.4599830616133813,14.48,533,95,21.32,746,22.382508051303514,584,891,484,93,7
0,1286,0.6252921947069097,16.72,134,78,26.8,428,30.111459612579395,375,858,306,63,6
0,1867,0.49449035812672176,7.55,333,81,30.272727272727273,418,32.567133460256855,291,1449,262,28,1
0,1617,0.4333563511329741,5.94,130,29,10.833333333333334,326,10.232153717422824,287,1291,259,25,3
0,1998,0.5770880923943924,11.21,1112,868,79.42857142857143,1192,227.95435247695275,490,806,434,52,4
0,1565,0.38980131270232543,9.97,1215,535,41.89655172413793,843,133.94117707507337,418,722,355,59,4
0,1591,0.4905593814539067,8.3,2175,834,181.25,1295,313.0724937832073,345,296,314,28,3
0,1013,0.4610024673307137,15.89,256,68,11.130434782608695,416,14.814932110500378,331,597,274,56,1
0,995,0.39462882197914967,9.15,558,302,25.363636363636363,478,63.63552875148064,207,517,190,15,2
0,1476,0.4346545617328066,8.67,774,410,55.285714285714285,683,107.07612573910538,319,793,298,20,1
0,775,0.40726325559114995,5.94,399,248,26.6,333,62.94532775126591,117,442,108,9,0
0,1611,0.3789634953930742,6.52,352,87,14.08,438,19.18966735858997,317,1173,296,19,2
0,2224,0.40915751870876904,6.21,1403,1106,70.15,1360,244.54539455896526,389,864,351,35,3
0,1896,0.4489562482127538,9.7,327,66,13.625,583,17.797929777022553,472,1313,411,58,3
0,1605,0.39744384706852154,2.06,2102,856,175.16666666666666,1330,246.4474250896798,117,275,111,6,0
0,1263,0.34470911167606205,4.12,1037,390,51.85,572,106.51922238188799,185,691,169,16,0
0,1583,0.41621370465155727,9.48,1827,877,79.43478260869566,1121,224.3697893468314,377,462,327,47,3
0,796,0.39582849174994195,8.79,254,44,7.9375,242,11.68935965022285,172,554,146,21,5
0,1335,0.37598547717842323,6.44,235,45,10.681818181818182,350,12.483842371093939,276,985,259,16,1
0,755,0.33536117000030724,5.17,373,100,14.92,231,24.2932089275995,109,524,96,13,0
0,1673,0.41421354084101264,6.75,352,67,44,371,18.83006714197877,269,1302,245,24,0
1,1197,0.4555482574762383,7.18,392,97,18.666666666666668,368,29.305858344933924,264,829,233,30,1
0,1743,0.42773113701773235,3.44,768,522,85.33333333333333,708,165.42596531379226,182,1035,172,10,0
0,1714,0.4304918561956127,5.37,234,53,13.764705882352942,362,17.774734216594865,279,1352,246,31,2
0,1164,0.4560293534311781,6.62,325,67,10.833333333333334,307,16.760140179920175,172,857,153,19,0
0,924,0.4121067671612364,4,148,86,18.5,201,30.05233530264923,119,723,108,11,0
0,1751,0.47344174690192103,6.34,120,40,15,324,11.326328367379885,263,1427,238,23,2
0,1822,0.49789867953275774,11.42,274,71,24.90909090909091,480,26.87547039757461,416,1342,366,47,3
0,969,0.3563772073114023,7.02,343,248,38.111111111111114,390,79.36536468202682,175,579,159,15,1
0,1507,0.5008820662013896,13.93,1336,1132,74.22222222222223,1343,264.60904692095903,418,164,367,47,4
0,1558,0.5271173490204224,11.17,133,29,8.866666666666667,366,8.895156520478407,326,1192,274,46,6
0,1305,0.5150212304795068,12.8,518,125,24.666666666666668,469,35.81526676339761,341,836,289,49,3
0,1771,0.45224139731606705,7.45,397,94,56.714285714285715,464,38.356721643515044,317,1307,297,18,2
1,971,0.5094980455715512,7.72,379,208,54.142857142857146,464,82.07806968861733,191,507,170,19,2
0,1584,0.47267143722053234,9.79,288,97,16,529,28.192614802670658,389,1055,338,50,1
0,1667,0.43241298677938667,6.42,253,64,18.071428571428573,391,17.907730542612406,295,1276,265,30,0
0,1637,0.5338341051193957,10.81,1742,1272,217.75,1500,428.63096015103713,409,137,358,46,5
0,1582,0.4030415754923413,4.99,316,91,17.555555555555557,387,25.368396787253932,278,1195,254,23,1
0,509,0.45139231582657735,17.09,1116,330,93,419,132.84372226588107,160,90,128,26,6
0,1656,0.547810963343764,11.71,510,105,42.5,572,40.99334757560726,413,1084,373,38,2
0,1139,0.5006113216774667,16.07,301,93,15.05,413,21.19949105645302,353,726,291,59,3
0,1648,0.5876378267361086,6.43,419,115,34.916666666666664,412,39.71594214677603,218,1236,194,22,2
0,1673,0.4646915388175482,3.41,707,487,64.27272727272727,645,142.1084732935309,170,1028,157,13,0
0,1361,0.45403857105216183,8.82,313,82,18.41176470588235,375,22.226276182509217,306,986,276,26,4
0,1734,0.37515704665864535,4.27,360,114,20,323,32.5467988847914,212,1411,200,11,1
0,1550,0.3684906768135437,6.97,204,45,12,383,14.252192813739224,317,1167,288,28,1
0,840,0.5741174189438112,10.71,698,428,58.166666666666664,555,119.04150027565508,202,285,174,26,2
0,1435,0.49395314291250225,14.29,282,97,16.58823529411765,490,24.637519212395887,401,945,333,63,5
0,1640,0.4008038845048451,6.4,226,74,25.11111111111111,393,23.824590471005184,294,1247,261,33,0
0,1652,0.397576969324124,8.41,296,102,21.142857142857142,430,28.460112824407812,331,1222,281,48,2
0,1248,0.4490239615135535,6.97,199,66,11.705882352941176,270,20.241555973671936,200,978,184,11,5
0,1547,0.4187058507943131,8.73,196,69,12.25,445,17.30703132640989,385,1102,336,46,3
0,1725,0.4344209125500712,8.12,380,102,47.5,528,38.99450510740492,371,1197,334,33,4
0,1586,0.5867677443548209,14.5,1315,930,73.05555555555556,1170,216.78329440255803,472,416,385,76,11
0,1637,0.3970287679535428,2.75,409,141,25.5625,354,38.05429235535286,157,1283,146,9,2
0,1634,0.45069531788498296,11.69,1032,851,93.81818181818181,1081,252.2406859258903,438,553,379,54,5
0,1706,0.5863178284073363,11.61,328,80,41,473,28.430366059650275,367,1233,302,49,16
0,1898,0.5365292343755723,12.54,594,280,28.285714285714285,717,65.6331797623297,472,1181,399,70,3
0,671,0.44911912101537876,6.56,276,67,30.666666666666668,218,24.794152536434876,112,453,107,5,0
0,1584,0.4240068707512701,1.64,320,96,17.77777777777778,228,31.03045099396541,69,1356,62,7,0
0,1699,0.46742501883437293,3.12,285,135,31.666666666666668,296,40.614036982304526,153,1403,148,5,0
0,1582,0.4069576632753528,8.34,295,63,12.291666666666666,424,15.26142954916275,328,1158,287,40,1
0,1304,0.4738410243677509,10.51,454,111,32.42857142857143,446,38.39614220548383,299,858,268,28,3
0,557,0.4023134639433097,13.64,369,73,9.225,283,17.093239779335168,197,274,171,22,4
0,2113,0.41732803150551184,6.01,294,71,21,500,25.392306527159576,410,1613,371,38,1
0,1179,0.3725647288715193,10.77,103,36,7.357142857142857,302,9.802724447489412,266,877,237,28,1
0,1617,0.43337898370852235,6.37,307,92,25.583333333333332,397,29.2682214676394,278,1220,265,11,2
0,1370,0.40836235171117086,7.08,408,125,31.384615384615383,338,39.913528327996055,241,1032,219,22,0
0,1770,0.4805141502058686,4.97,275,90,18.333333333333332,397,28.02974610421341,240,1373,223,16,1
0,1701,0.3915826814997044,5.64,737,525,92.125,808,179.71202161871562,259,893,240,17,2
0,1787,0.44436023911410183,7.05,2124,528,193.0909090909091,827,206.2539476206235,345,960,317,26,2
0,1485,0.47387456055750865,9.02,354,88,27.23076923076923,510,31.358555042587252,379,975,332,44,3
0,1696,0.42248288812987334,5.42,404,142,50.5,423,43.81780460041329,234,1273,214,20,0
0,1e3,0.4208949699864679,9.2,173,31,6.407407407407407,295,8.082551288277442,243,705,207,30,6
0,1530,0.371956237777761,8.95,407,210,31.307692307692307,564,56.994714104883755,359,966,321,37,1
0,805,0.4117579515443794,11.18,227,79,28.375,273,29.961582544509035,194,532,159,34,1
1,1354,0.4633019660273221,8.12,949,396,32.724137931034484,726,72.22578514221128,347,628,320,26,1
0,1642,0.5148888263439347,10.35,212,50,11.777777777777779,406,18.248466673880095,350,1236,303,43,4
0,1534,0.5216358839050133,15.71,376,86,16.347826086956523,621,23.845351549386603,524,913,449,69,6
0,1347,0.48404246197115464,8.24,473,143,33.785714285714285,479,45.185393438806976,287,868,263,24,0
0,1621,0.5015530722267842,13.08,385,88,21.38888888888889,535,26.031968782495312,436,1086,373,59,4
0,1364,0.4354550558930121,10.78,799,482,39.95,798,105.34178708026154,404,566,360,42,2
1,1686,0.5224284529951423,6.47,408,119,40.8,427,44.84491795807711,269,1259,248,20,1
0,1634,0.46183772028920017,10.65,183,69,20.333333333333332,447,20.8806130178211,384,1187,340,41,3
0,1597,0.49219513961826805,13.59,338,106,26,582,28.074306165365275,470,1015,396,70,4
0,804,0.6416756457672035,22.51,871,369,62.214285714285715,556,120.24153804957534,297,248,231,55,11
0,1676,0.5180918215998068,12.11,262,89,32.75,491,26.49393461584314,394,1185,351,41,2
0,1584,0.5224913494809689,7.58,179,68,25.571428571428573,328,27.097706808616007,264,1256,240,23,1
0,741,0.4442919739899266,6.48,271,63,33.875,194,21.7612860701883,115,547,99,16,0
0,1160,0.4690216738111454,9.74,744,708,148.8,800,312.7118481925493,239,360,211,27,1
0,1665,0.5492801695185203,7.39,316,89,22.571428571428573,484,23.588505302744014,353,1181,318,33,2
0,1503,0.4829824222522696,9.78,644,162,26.833333333333332,538,49.077283035483205,347,965,306,40,1
0,1721,0.5744646573135531,9.24,483,159,30.1875,563,44.31285554629341,334,1158,299,32,3
0,1664,0.6115890652804439,12.08,1592,651,144.72727272727272,1217,219.88273734383557,423,447,356,61,6
0,1710,0.48427321292634784,2.4,311,93,38.875,254,35.5706038343863,139,1456,130,9,0
0,1248,0.41890880877829806,9.54,236,57,13.882352941176471,405,17.950913461928533,327,843,283,36,8
0,1628,0.4092325782367858,10.2,181,41,13.923076923076923,473,15.87693053070785,430,1155,374,49,7
0,1012,0.4328022899109352,6.03,340,154,34,331,45.30145938291859,159,681,152,7,0
1,1683,0.4601684470008217,5.64,270,102,15,351,26.911620057470472,226,1332,207,19,0
0,1334,0.4881427544827228,11.17,199,35,9.95,394,12.223682794175884,338,940,304,32,2
0,1313,0.48576177577655044,10.51,226,60,10.761904761904763,382,16.127320800135287,323,931,281,39,3
0,1737,0.4152708345781301,6.91,344,175,49.142857142857146,536,59.53550361319026,339,1201,315,23,1
0,1355,0.4246772124839675,5.02,596,224,24.833333333333332,477,50.473123856999955,208,878,197,11,0
1,1188,0.4820420478878723,13.55,395,59,21.944444444444443,432,21.23114311356072,351,756,313,36,2
1,1173,0.3459787108219988,9.89,367,97,24.466666666666665,399,29.69575887627887,283,774,253,30,0
0,1680,0.4387622105147624,6.85,258,90,21.5,379,26.837897221517323,265,1301,240,23,2
0,1522,0.39785321184372113,9.53,235,63,11.75,456,15.457496903648915,368,1066,326,41,1
0,1612,0.41495099792545964,6.27,326,97,23.285714285714285,461,31.75247675725124,303,1151,281,22,0
0,1764,0.42185389240590154,6.97,1917,512,127.8,755,195.63858807213148,269,1009,238,30,1
0,1003,0.34342434047649206,14.46,279,81,19.928571428571427,398,23.840703028206214,309,605,258,46,5
0,1708,0.5085484819599652,9.13,416,128,52,481,39.43167689633732,318,1227,286,31,1
0,1730,0.4356261375682541,9.13,358,125,51.142857142857146,521,39.151111399416536,370,1209,341,29,0
0,1870,0.42968499271730815,4.71,597,139,74.625,496,60.879124970246224,235,1374,218,17,0
0,1337,0.42443821930045184,5.16,683,525,25.296296296296298,665,100.39453510058543,164,672,151,13,0
1,1353,0.41868884373025494,6.28,479,206,34.214285714285715,452,58.23054785331067,231,901,196,33,2
0,1189,0.4380813812503031,3.62,160,60,10,211,16.761065996330107,147,978,143,4,0
0,1620,0.41363649306643124,8.58,292,90,16.22222222222222,458,24.18934027638075,334,1162,304,28,2
1,1651,0.4964135421277074,10.84,516,198,23.454545454545453,569,46.59728918410769,379,1082,338,41,0
0,1503,0.454773347687339,8.58,425,161,35.416666666666664,559,47.983819873963455,327,944,276,49,2
0,1682,0.4642610830643604,8.74,1036,820,129.5,1023,281.1003887785084,297,659,263,32,2
0,1711,0.5234580487307575,15.49,1285,926,116.81818181818181,1205,271.4364817712675,492,506,421,65,6
0,1657,0.39290970086274835,4.22,735,465,52.5,705,123.95827461752542,179,952,165,14,0
1,1440,0.45879768452447767,6.39,239,104,23.9,372,32.30221870604763,250,1068,229,19,2
0,1477,0.4312893415375911,7.04,538,250,24.454545454545453,502,52.655870448039245,275,975,252,23,0
0,1650,0.4420395799959427,12.55,189,62,21,553,21.94310825749169,477,1097,427,49,1
0,1729,0.4281034850829909,7.81,340,80,42.5,433,24,328,1296,295,29,4
0,1699,0.42039183784150225,4.12,227,63,25.22222222222222,287,23.370803247737218,180,1412,167,13,0
0,1753,0.438980323890911,6.05,567,116,56.7,458,42.324277246569075,266,1295,243,22,1
0,1067,0.49667465905762115,12.93,391,116,18.61904761904762,430,31.42208807586821,304,637,261,40,3
0,1225,0.48252616808252424,16.49,757,511,75.7,834,159.4302703726965,430,391,355,72,3
0,1639,0.46394267954829915,11.71,201,111,33.5,510,39.55123259773328,413,1129,356,55,2
0,1696,0.36942969450382734,4.78,2454,1155,223.0909090909091,1696,452.6050053955335,283,0,263,19,1
0,1298,0.40002666785190455,6.32,266,56,19,347,18.212421796463747,257,951,242,15,0
0,1648,0.3838314551690348,6.67,276,68,25.09090909090909,381,24.728342222860576,276,1267,239,35,2
0,1365,0.3898540065768896,7.77,257,118,25.7,378,37.88007391756252,264,987,231,29,4
0,1606,0.39454331308082335,5.98,338,116,18.77777777777778,415,28.96560953868764,282,1191,267,15,0
0,1670,0.40348540271930433,4.79,282,119,21.692307692307693,371,32.13612872190378,234,1299,214,20,0
0,1824,0.46793364266192083,8.5,1026,452,102.6,1058,171.66647249179957,389,766,336,49,4
0,1269,0.4550618048096703,5.75,443,95,36.916666666666664,352,35.12175791141267,210,917,193,16,1
1,1722,0.4654373864725557,5.28,415,93,31.923076923076923,386,36.67983446541514,247,1336,227,20,0
0,1596,0.42803876086626635,5.39,375,111,16.304347826086957,404,27.205338350820206,256,1192,232,23,1
0,1714,0.3963106378401635,6.48,345,117,26.53846153846154,530,39.67496142534437,334,1184,309,24,1
1,1148,0.3563225338491296,3.83,518,325,18.5,440,61.06978400582827,143,708,129,14,0
0,1676,0.4134983080689978,6.15,386,82,14.296296296296296,469,19.01985766915688,322,1207,290,32,0
0,1701,0.4342756183745583,5.94,703,231,58.583333333333336,562,76.0878180828315,262,1139,244,17,1
0,1691,0.5626354099032909,10.88,414,122,17.25,602,32.42147704706008,398,1089,355,41,2
0,1494,0.645693451172668,16.47,1076,546,134.5,1118,217.72197211778405,478,376,400,70,8
0,1264,0.4578829119169076,6.57,1233,567,137,746,174.3989678868542,228,518,210,16,2
0,1651,0.4514437727403884,8.78,1220,978,101.66666666666667,1211,277.473777084785,359,440,329,30,0
0,1711,0.4039648943054357,6.14,332,100,25.53846153846154,381,29.079246278102946,294,1330,269,23,2
1,1560,0.4095095198675497,12.63,193,63,24.125,527,22.84380191024002,448,1033,380,65,3
0,1339,0.32866847708205,10.01,961,698,96.1,901,213.53555519709906,369,438,325,42,2
0,1526,0.39588762955330625,3.47,638,581,79.75,675,202.98117435579374,140,851,121,18,1
0,1601,0.38054264403848237,7.56,378,142,22.235294117647058,463,34.8685556980869,311,1138,277,31,3
0,1528,0.3583371057793874,6.81,200,71,18.181818181818183,424,22.32853860788109,335,1104,303,31,1
0,1774,0.4455854825291181,5.86,399,105,28.5,453,33.0913653622582,284,1321,269,15,0
0,1193,0.45148966444784466,6.71,1004,717,35.857142857142854,894,134.84853348897414,212,299,189,22,1
0,1679,0.461185457942898,2.38,431,113,25.352941176470587,303,36.34546253741756,111,1376,106,4,1
0,1614,0.5155800266349719,7.5,572,136,52,495,57.874001071292795,271,1119,251,20,0
0,1492,0.40106860902982366,8.91,288,72,19.2,422,23.489207248071555,324,1070,291,31,2
0,849,0.41493221309910255,6.48,403,80,17.52173913043478,283,24.10558133261671,164,566,152,12,0
0,1646,0.40948871811067833,2.73,649,437,59,603,126.59857819106816,173,1043,165,7,1
0,1643,0.3996735051553677,8.89,1247,718,113.36363636363636,1237,213.93002254348158,384,406,347,34,3
0,1631,0.43534909368549046,6.19,276,99,39.42857142857143,342,31.106575633120524,235,1289,210,24,1
1,1215,0.4041790647488854,5.27,457,169,57.125,440,66.45608109334852,172,775,161,11,0
0,1680,0.4005587819377514,6.13,399,131,33.25,415,38.21975928757271,243,1265,221,21,1
0,1079,0.3784963429522153,10.47,1187,450,98.91666666666667,613,161.286565034432,240,466,219,20,1
1,1703,0.43618896527410544,9.34,470,99,18.076923076923077,608,24.056472022178276,488,1095,450,36,2
0,1703,0.39034191433626375,9.92,1978,481,94.19047619047619,1076,184.11399160509748,360,627,304,47,9
0,880,0.4215243101182654,10.8,296,93,14.095238095238095,362,21.549721023495323,241,518,222,17,2
0,1642,0.3962171249305394,6.76,409,145,40.9,533,45.412798000367935,327,1109,299,27,1
0,1601,0.3903085999217266,10.68,926,622,51.44444444444444,954,144.01234514983622,434,647,377,56,1
0,1539,0.42572015377323713,5.85,805,349,53.666666666666664,623,88.64992681220625,272,916,243,29,0
1,1775,0.5150054850336938,7.38,1126,852,51.18181818181818,1072,180.22806619435232,326,703,288,36,2
0,1348,0.4102950494032228,11.57,346,88,18.210526315789473,468,25.457107602502294,363,880,327,34,2
1,1517,0.3985113828671195,7.65,1220,764,110.9090909090909,1053,221.59217249057085,320,464,292,28,0
0,1507,0.5280789312039311,9.75,524,133,37.42857142857143,520,43.15038868835418,362,987,331,30,1
0,1276,0.3948221818740233,7.37,267,70,20.53846153846154,344,23.72978221776517,252,932,231,19,2
0,1654,0.37153125634900064,4.53,988,787,109.77777777777777,981,255.5532125496458,218,673,207,10,1
0,1509,0.3926591897739349,6.23,290,103,18.125,323,29.31410354533576,239,1186,218,21,0
0,1504,0.3870768798401199,7.85,2372,641,103.1304347826087,906,210.22635081519894,316,598,278,36,2
0,1659,0.5107572515871067,8.38,1458,662,112.15384615384616,984,228.1672800651042,372,675,327,41,4
0,1313,0.497416032046485,14.39,524,216,29.11111111111111,687,56.54866606726394,430,626,364,61,5
0,1691,0.5067036207743979,6.09,553,218,69.125,494,64.26160262107203,240,1197,226,13,1
0,1540,0.38322985553050787,7.21,171,64,12.214285714285714,361,16.282026765866576,295,1179,270,24,1
0,1919,0.45012554073267386,6.46,1314,710,87.6,946,201.58011523248732,295,973,266,29,0
0,1666,0.45759368836291914,8.4,218,112,21.8,514,33.34932949517543,402,1152,373,29,0
